N,kappa,eps_F,trial,lambda,J,K,err
16,10,0.01,0,8.122804913046124,472,565,0.002109493238655669
16,10,0.01,1,7.002621756398126,405,482,0.00212369360239522
16,10,0.01,2,8.372458591147499,487,584,0.002104646662960106
16,10,0.01,3,7.97705938791541,463,554,0.0021120854902582863
16,10,0.01,4,8.39096771260606,488,585,0.002104254015528007
16,10,0.01,5,7.707809069833795,447,534,0.0021163636828269612
16,10,0.01,6,8.084792557691713,470,562,0.00211018246751479
16,10,0.01,7,7.692293700438562,446,533,0.0021165940710347613
16,10,0.01,8,7.372163853578444,427,509,0.0021206148544525593
16,10,0.01,9,9.55472298537276,559,674,0.002076367503937873
16,10,0.01,10,7.273493210791798,421,502,0.002121624145586858
16,10,0.01,11,8.507384185711663,495,594,0.0021018213913727565
16,10,0.01,12,8.614105829367638,502,602,0.0020995007221961365
16,10,0.01,13,6.1661183255689584,355,420,0.0021225931614653414
16,10,0.01,14,8.335991346091692,485,581,0.002105377191847924
16,10,0.01,15,7.852739938252867,456,545,0.0021141580919669086
16,10,0.01,16,6.541420034119926,377,448,0.0021246523630038313
16,10,0.01,17,8.50428034443371,495,594,0.0021018955715405734
16,10,0.01,18,7.701197651742255,447,534,0.002116479149190373
16,10,0.01,19,6.9007088511913075,399,474,0.0021241770026873565
16,10,0.01,20,6.710164557176316,387,460,0.0021246884841453918
16,10,0.01,21,8.29475919862317,482,578,0.0021062046912804313
16,10,0.01,22,7.219265759822181,418,498,0.0021221188933944974
16,10,0.01,23,6.053587563156277,349,412,0.002121431473410388
16,10,0.01,24,8.216434581261666,478,572,0.002107729503413611
16,10,0.01,25,7.5204041663385865,436,520,0.002118894706810743
16,10,0.01,26,6.34434943991152,366,433,0.002123902796954464
16,10,0.01,27,8.180364502128153,476,570,0.002108442651135363
16,10,0.01,28,8.093908337022356,470,563,0.0021100286360603636
16,10,0.01,29,7.328180853400571,424,506,0.002121085101434954
16,10,0.01,30,7.620161802414017,442,528,0.002117617698771315
16,10,0.01,31,8.366752456781505,487,584,0.0021047778999387277
16,10,0.01,32,7.535335067990886,437,521,0.002118702658130814
16,10,0.01,33,7.7328604867069615,449,536,0.0021160017203046837
16,10,0.01,34,6.95609958402035,402,478,0.0021239176575244853
16,10,0.01,35,6.239586958968786,360,425,0.0021231931951180057
16,10,0.01,36,7.143049478629045,413,492,0.0021227309289780683
16,10,0.01,37,7.980527086338697,463,555,0.0021120537815905722
16,10,0.01,38,7.335570954415761,425,506,0.002120986085472956
16,10,0.01,39,7.607344084007291,441,527,0.002117789200293341
16,10,0.01,40,6.798409736802163,393,467,0.0021245492172295927
16,10,0.01,41,8.167360199116537,475,569,0.0021086871710428424
16,10,0.01,42,7.05994666237968,408,486,0.0021233308357941085
16,10,0.01,43,8.629219170889751,503,603,0.002099161660361698
16,10,0.01,44,7.592549341860735,440,526,0.002117991163204181
16,10,0.01,45,8.846644162158508,516,620,0.002094212876134981
16,10,0.01,46,7.604400028560621,441,526,0.002117796985210262
16,10,0.01,47,7.853388901116777,456,545,0.0021141458394670245
16,10,0.01,48,8.741919548526464,510,612,0.0020966382666021723
16,10,0.01,49,7.631516306214242,442,528,0.002117428419526184
16,10,0.01,50,7.967120068770623,463,554,0.0021122836359596664
16,10,0.01,51,7.1612028593799,414,493,0.0021225732337932673
16,10,0.01,52,6.590783415439413,380,451,0.0021246891677528224
16,10,0.01,53,7.720849812867005,448,535,0.002116174446787473
16,10,0.01,54,7.34127161646712,425,507,0.0021209522552424176
16,10,0.01,55,7.787697934131931,452,540,0.002115171764909003
16,10,0.01,56,7.120023775147129,412,490,0.0021228916615874853
16,10,0.01,57,8.845312057257395,516,620,0.002094247308993021
16,10,0.01,58,8.113060519137765,471,565,0.0021096992375639534
16,10,0.01,59,7.157319571575645,414,493,0.0021226168889226234
16,10,0.01,60,7.884188780686008,458,547,0.0021136369886133426
16,10,0.01,61,8.130478828221129,473,566,0.0021093669717660015
16,10,0.01,62,8.019378319163016,466,558,0.00211138227188465
16,10,0.01,63,8.183976142815311,476,570,0.0021083644979470796
16,10,0.01,64,6.464767461347552,373,442,0.002124439856915171
16,10,0.01,65,7.974440970811216,463,554,0.002112137773594415
16,10,0.01,66,6.906607588455251,399,475,0.0021241785106017835
16,10,0.01,67,7.892722492191728,458,548,0.0021135115028505912
16,10,0.01,68,8.720580679484048,508,610,0.0020971126000520358
16,10,0.01,69,7.075876164595416,409,487,0.0021232165816658993
16,10,0.01,70,7.246490860726514,419,500,0.002121874974940182
16,10,0.01,71,8.460735041393475,492,591,0.0021028283637799
16,10,0.01,72,9.033805869485445,527,634,0.002089717293356274
16,10,0.01,73,8.160612858446187,474,568,0.002108796068442019
16,10,0.01,74,7.904364642517853,459,549,0.00211332516765672
16,10,0.01,75,8.268402971433968,481,576,0.0021067238694947106
16,10,0.01,76,7.529948963183374,436,521,0.0021187871322579945
16,10,0.01,77,6.992815840089309,404,481,0.0021237363284377885
16,10,0.01,78,8.03856520273147,467,559,0.002111027744381548
16,10,0.01,79,7.675366721368873,445,532,0.002116846209045163
16,10,0.01,80,7.501122781834825,435,519,0.0021191510686030925
16,10,0.01,81,7.691392886256832,446,533,0.0021166096901720564
16,10,0.01,82,7.400959941640517,429,511,0.0021202955978952514
16,10,0.01,83,7.3963481428425135,428,511,0.0021203610176227855
16,10,0.01,84,6.39500915395954,369,437,0.0021241739526377795
16,10,0.01,85,8.498773382396255,495,594,0.0021020270327613924
16,10,0.01,86,7.518279029677891,436,520,0.002118927733453958
16,10,0.01,87,8.997043121122381,525,631,0.0020906072841700464
16,10,0.01,88,8.004317502224064,465,556,0.0021116128892863587
16,10,0.01,89,7.961461826756892,462,553,0.002112358321245695
16,10,0.01,90,8.276721465101188,481,577,0.0021065736211628625
16,10,0.01,91,6.2605471377300335,361,427,0.002123374273697459
16,10,0.01,92,8.462984985070321,493,591,0.0021027752253747088
16,10,0.01,93,6.259503764932276,361,427,0.0021233707581877126
16,10,0.01,94,7.162792326770806,414,494,0.0021225998589162413
16,10,0.01,95,9.046551964108003,528,635,0.0020894059003948124
16,10,0.01,96,7.270539974732552,421,502,0.0021216615615831276
16,10,0.01,97,8.000410229217952,465,556,0.0021116917928271006
16,10,0.01,98,6.445999558971106,372,441,0.00212439507731748
16,10,0.01,99,7.97958568565992,463,555,0.0021120726120117464
16,10,0.001,0,8.075239766801712,568,682,0.0001957007604570143
16,10,0.001,1,6.746248734644992,473,563,0.00018951418613302184
16,10,0.001,2,7.655187703611316,538,644,0.0001938926926298155
16,10,0.001,3,8.185926002023141,576,691,0.00019615272356709334
16,10,0.001,4,8.193118863493313,576,692,0.00019618206802627652
16,10,0.001,5,8.325361305277516,586,704,0.00019670923055717452
16,10,0.001,6,8.540811516291871,601,723,0.00019753731714577922
16,10,0.001,7,7.18150375895117,504,602,0.00019168732358021922
16,10,0.001,8,7.1998986738427275,505,603,0.00019177578232315706
16,10,0.001,9,7.5159028572082685,528,631,0.00019326183838667542
16,10,0.001,10,6.921917288395935,485,579,0.00019040734717856874
16,10,0.001,11,8.678031695298138,611,736,0.0001980459315812924
16,10,0.001,12,7.578340470326404,532,637,0.00019354663170382624
16,10,0.001,13,7.858917080007087,552,662,0.00019478701629041127
16,10,0.001,14,6.355054423081297,445,528,0.00018745566002482646
16,10,0.001,15,8.10296055887089,570,684,0.00019581469428354818
16,10,0.001,16,8.026126800632628,564,677,0.00019549628513977017
16,10,0.001,17,7.883994470536835,554,664,0.00019489464088001253
16,10,0.001,18,8.206351842809207,577,693,0.00019623531309623859
16,10,0.001,19,6.969665772788449,488,583,0.00019064627966272884
16,10,0.001,20,7.40616007477764,520,622,0.00019275491182835415
16,10,0.001,21,6.503178087755549,455,542,0.00018824604375185003
16,10,0.001,22,8.412793405436876,592,712,0.00019705002644000027
16,10,0.001,23,8.68990712849279,612,737,0.00019808912469478939
16,10,0.001,24,7.096999468389334,498,594,0.00019127569665165076
16,10,0.001,25,8.224871079573296,579,695,0.000196310030390397
16,10,0.001,26,8.685164221390195,612,736,0.0001980713976424368
16,10,0.001,27,7.113307878782016,499,596,0.00019135581571738024
16,10,0.001,28,6.806852093787481,477,568,0.0001898243850164325
16,10,0.001,29,7.6951286658356635,540,648,0.00019407096200855945
16,10,0.001,30,6.940674534309025,486,580,0.00019050107807525984
16,10,0.001,31,6.629050148993356,464,553,0.00018890736649391588
16,10,0.001,32,8.364290981067745,589,708,0.00019686207993373117
16,10,0.001,33,8.12393877769954,571,686,0.0001959008732900174
16,10,0.001,34,7.8509423802812845,552,661,0.00019475242108715605
16,10,0.001,35,7.982322593244072,561,673,0.00019531260201092137
16,10,0.001,36,6.8832419504591,482,575,0.00019021224840199666
16,10,0.001,37,8.070596970762056,567,681,0.0001956811117846908
16,10,0.001,38,7.604040807280822,534,639,0.0001936626560121669
16,10,0.001,39,7.26617668254205,510,609,0.0001920938453435489
16,10,0.001,40,8.470536853814503,596,717,0.0001972714960422087
16,10,0.001,41,7.833269218183811,550,660,0.0001946764470702382
16,10,0.001,42,7.225111801920012,507,606,0.00019189760874862134
16,10,0.001,43,6.195090037887314,433,514,0.00018658974444218078
16,10,0.001,44,6.516422530894776,456,543,0.0001883159918521491
16,10,0.001,45,7.132441218136093,500,597,0.000191448759758719
16,10,0.001,46,6.862066326626385,481,573,0.00019010508618392115
16,10,0.001,47,7.18369399078676,504,602,0.00019169779578149517
16,10,0.001,48,7.5747953470729374,532,637,0.00019353077507185443
16,10,0.001,49,9.087783343005512,641,773,0.0001994737925922646
16,10,0.001,50,7.157768218886257,502,600,0.0001915723876670883
16,10,0.001,51,6.750739130946953,473,563,0.00018953706174803468
16,10,0.001,52,7.207928313390974,505,604,0.00019181465980722102
16,10,0.001,53,8.154512718560678,573,689,0.00019602588816296592
16,10,0.001,54,7.270047195686512,510,610,0.00019211272590976858
16,10,0.001,55,7.9656824274992974,560,672,0.00019524279486932307
16,10,0.001,56,7.671199364758723,539,645,0.00019396389010086865
16,10,0.001,57,8.411707547294597,592,712,0.0001970459095890203
16,10,0.001,58,8.148936394527112,573,688,0.00019600279782071734
16,10,0.001,59,9.004677680763695,635,765,0.00019919452657236989
16,10,0.001,60,7.457833981932792,523,626,0.00019299461602428005
16,10,0.001,61,6.7887677645881395,476,567,0.00018973232626078653
16,10,0.001,62,7.353663517956999,516,617,0.00019250866949453943
16,10,0.001,63,7.023104196885702,492,588,0.00019091206956896507
16,10,0.001,64,6.894310089600246,483,576,0.00019026809826131703
16,10,0.001,65,6.97940726300966,489,584,0.00019069492759734089
16,10,0.001,66,9.123890367281637,644,776,0.00019959305116595336
16,10,0.001,67,8.655399293009737,610,734,0.00019796320131798176
16,10,0.001,68,8.310591661175522,585,703,0.00019665132464025204
16,10,0.001,69,7.926225966672429,557,668,0.00019507521270636818
16,10,0.001,70,8.427486834717355,593,713,0.0001971064214413675
16,10,0.001,71,6.352152043393787,445,528,0.00018744016842656684
16,10,0.001,72,9.175981403468015,647,781,0.00019976386274864457
16,10,0.001,73,6.21319239094871,435,516,0.00018668851213106015
16,10,0.001,74,7.266781856968233,510,609,0.00019209669962531019
16,10,0.001,75,7.536317480204037,529,633,0.00019335531662539193
16,10,0.001,76,8.461209226639404,596,716,0.00019723575227956894
16,10,0.001,77,6.67490332896921,467,557,0.0001891458653004983
16,10,0.001,78,7.293485062291739,512,612,0.0001922242686402568
16,10,0.001,79,8.61654627927349,607,730,0.0001978197550397715
16,10,0.001,80,6.936018086077622,486,580,0.00019047797260842044
16,10,0.001,81,7.470699326502446,524,627,0.00019305397136994918
16,10,0.001,82,8.349231689104249,588,706,0.00019680274448411218
16,10,0.001,83,7.934717064460697,558,669,0.00019511147877797339
16,10,0.001,84,7.910511917403122,556,667,0.00019500854606051328
16,10,0.001,85,6.943623637837648,487,581,0.00019051626033793966
16,10,0.001,86,8.502915784875523,599,720,0.0001973946466306471
16,10,0.001,87,6.75206554465894,473,564,0.00018954433298312977
16,10,0.001,88,7.848805792951403,551,661,0.00019474333503085195
16,10,0.001,89,7.912827806433554,556,667,0.00019501827549835523
16,10,0.001,90,9.044652035105702,638,769,0.00019932965535490572
16,10,0.001,91,7.244201984930319,508,607,0.00019198874455367818
16,10,0.001,92,8.084026811703584,568,682,0.0001957364678043945
16,10,0.001,93,7.172059441065253,503,601,0.00019164151925995466
16,10,0.001,94,7.731440138251564,543,651,0.00019423148354425315
16,10,0.001,95,7.326774995969038,514,615,0.00019238208253072545
16,10,0.001,96,7.794067012118001,548,656,0.00019450574859512053
16,10,0.001,97,7.922136338695182,557,668,0.0001950580735845062
16,10,0.001,98,8.999720409580378,635,765,0.00019917809060186777
16,10,0.001,99,9.066254680709555,639,771,0.0001994020270694261
16,10,0.0001,0,7.471921131825258,616,739,1.7272177732517438e-05
16,10,0.0001,1,7.682170848164583,633,760,1.7277217200357144e-05
16,10,0.0001,2,7.024985864900244,579,692,1.7278038182478544e-05
16,10,0.0001,3,7.909846186488856,652,784,1.728772924921401e-05
16,10,0.0001,4,7.865314195429729,649,779,1.7285267658592425e-05
16,10,0.0001,5,8.631195506419246,713,860,1.735042330815323e-05
16,10,0.0001,6,6.464893824849698,532,634,1.7322822061909916e-05
16,10,0.0001,7,8.427563755830201,696,838,1.7328658443736655e-05
16,10,0.0001,8,8.071174439698789,666,801,1.7298086297406544e-05
16,10,0.0001,9,8.265618417568076,682,821,1.7313518118245188e-05
16,10,0.0001,10,7.411681620882554,611,732,1.7271590088029673e-05
16,10,0.0001,11,6.9352344821128575,571,683,1.7282246082322798e-05
16,10,0.0001,12,7.317105458282775,603,722,1.7271496094481065e-05
16,10,0.0001,13,6.622325514213376,545,651,1.7305634665336098e-05
16,10,0.0001,14,8.05120415292381,664,799,1.729667521860668e-05
16,10,0.0001,15,7.441106339140835,613,735,1.727181024284233e-05
16,10,0.0001,16,7.561475795428482,623,748,1.7273759609562522e-05
16,10,0.0001,17,7.779450265059304,641,771,1.72811148215209e-05
16,10,0.0001,18,7.759683713482238,640,768,1.7280232535634856e-05
16,10,0.0001,19,8.60158967258175,710,856,1.7347081714388655e-05
16,10,0.0001,20,8.739260797195508,722,871,1.736312803767773e-05
16,10,0.0001,21,8.553108207218127,706,851,1.7341727317768534e-05
16,10,0.0001,22,7.0303119903689755,579,693,1.7277847126467024e-05
16,10,0.0001,23,7.072067174338846,583,697,1.727627085426754e-05
16,10,0.0001,24,8.209475802357993,678,815,1.7308734401646092e-05
16,10,0.0001,25,8.337281516975889,688,829,1.7319974837793023e-05
16,10,0.0001,26,6.345987531102663,522,622,1.7338507579766486e-05
16,10,0.0001,27,8.779359858666814,725,875,1.7368037011920093e-05
16,10,0.0001,28,7.8912101390445315,651,782,1.7286689616029243e-05
16,10,0.0001,29,7.734769979318492,638,766,1.7279210725070902e-05
16,10,0.0001,30,7.5326225887736555,621,745,1.7273153881721424e-05
16,10,0.0001,31,6.5674504900352675,541,645,1.7311185624299844e-05
16,10,0.0001,32,9.001409022977924,744,898,1.7396954087704817e-05
16,10,0.0001,33,7.510368614419191,619,743,1.7272749019322484e-05
16,10,0.0001,34,7.77111739019756,641,770,1.7280743056768334e-05
16,10,0.0001,35,9.90964976912002,821,994,1.7541544117219523e-05
16,10,0.0001,36,7.6619391129613925,632,758,1.727653711376685e-05
16,10,0.0001,37,7.687334535586353,634,761,1.727741460234215e-05
16,10,0.0001,38,9.500514177620964,786,951,1.7471801666031236e-05
16,10,0.0001,39,8.719163948583745,720,869,1.736070129385624e-05
16,10,0.0001,40,8.314999642231395,686,826,1.7317914910569387e-05
16,10,0.0001,41,7.5015113704695615,618,742,1.7272607787980863e-05
16,10,0.0001,42,8.034155100080989,663,797,1.7295500123395987e-05
16,10,0.0001,43,8.513447186681365,703,847,1.733749037271554e-05
16,10,0.0001,44,8.125480557253432,670,807,1.730209051143047e-05
16,10,0.0001,45,8.077274749893885,666,802,1.7298529440043587e-05
16,10,0.0001,46,7.063712161260768,582,696,1.7276555083114325e-05
16,10,0.0001,47,7.334378043308931,604,724,1.7271444356345266e-05
16,10,0.0001,48,8.656659403914453,715,862,1.735334056914634e-05
16,10,0.0001,49,8.98683229899486,743,897,1.7394982370077706e-05
16,10,0.0001,50,7.178119029779594,591,708,1.7273308944597937e-05
16,10,0.0001,51,8.278893800842734,683,823,1.731468417656588e-05
16,10,0.0001,52,8.356130655850375,690,831,1.732173699708119e-05
16,10,0.0001,53,5.913989803442243,487,578,1.7416094394900785e-05
16,10,0.0001,54,9.39836998827923,778,940,1.745547468385324e-05
16,10,0.0001,55,6.707180599036846,552,659,1.729784219702516e-05
16,10,0.0001,56,6.632592809994421,546,652,1.7304627743461347e-05
16,10,0.0001,57,7.367068062328149,607,728,1.7271443266240876e-05
16,10,0.0001,58,8.540936535772929,705,850,1.734041334358653e-05
16,10,0.0001,59,6.312171228444828,520,619,1.7343438507478013e-05
16,10,0.0001,60,7.192109326089595,592,710,1.7273047302021433e-05
16,10,0.0001,61,6.876359658374158,566,677,1.7285591308039437e-05
16,10,0.0001,62,8.311202479584006,686,826,1.731757516229032e-05
16,10,0.0001,63,5.974711760422796,492,584,1.740310674881327e-05
16,10,0.0001,64,7.149150504110199,589,705,1.727398182734318e-05
16,10,0.0001,65,7.085203114044813,584,698,1.727581441196827e-05
16,10,0.0001,66,7.52024113500827,620,744,1.7272930575680627e-05
16,10,0.0001,67,6.611300767241167,544,649,1.7306642612533485e-05
16,10,0.0001,68,7.98125627936097,658,792,1.7292038720639816e-05
16,10,0.0001,69,6.749485340670974,556,664,1.7294429835108835e-05
16,10,0.0001,70,8.631001614056414,713,860,1.7350401111533817e-05
16,10,0.0001,71,7.882701828933098,650,781,1.7286213272269477e-05
16,10,0.0001,72,7.231812414668504,596,714,1.7272364286964577e-05
16,10,0.0001,73,5.868169620407439,483,573,1.742630710545263e-05
16,10,0.0001,74,8.307433022759476,686,826,1.731723948288163e-05
16,10,0.0001,75,7.574771532924563,624,749,1.727404892788316e-05
16,10,0.0001,76,8.933214367142268,738,891,1.738777675931933e-05
16,10,0.0001,77,8.176966679625831,675,812,1.7306087510463882e-05
16,10,0.0001,78,8.19511334661501,676,814,1.7307567362392672e-05
16,10,0.0001,79,6.872876329678335,566,676,1.7285764286584837e-05
16,10,0.0001,80,7.000718314096192,577,690,1.7279097117207714e-05
16,10,0.0001,81,7.988334729888553,659,792,1.729247584524325e-05
16,10,0.0001,82,6.511324091264946,536,639,1.7317351172228216e-05
16,10,0.0001,83,8.450926836312654,698,841,1.7331010524012523e-05
16,10,0.0001,84,8.41012509229477,694,836,1.732692943067064e-05
16,10,0.0001,85,7.66798444112951,632,759,1.7276749318971528e-05
16,10,0.0001,86,7.714746324517435,636,764,1.727843170108931e-05
16,10,0.0001,87,7.059762859663288,581,696,1.727671821406381e-05
16,10,0.0001,88,7.084289542982057,584,698,1.7275849222151188e-05
16,10,0.0001,89,8.049623326933288,664,799,1.7296568808797167e-05
16,10,0.0001,90,8.934917491577739,739,891,1.738799048494974e-05
16,10,0.0001,91,5.435680003412256,447,529,1.7544300665490026e-05
16,10,0.0001,92,7.862361004769877,648,779,1.7285126548831877e-05
16,10,0.0001,93,8.850808990783634,731,883,1.7377011818484572e-05
16,10,0.0001,94,7.344654603795919,605,725,1.727142468789706e-05
16,10,0.0001,95,7.819960705751241,645,775,1.7283004036388252e-05
16,10,0.0001,96,7.066107229472702,582,696,1.7276457529598716e-05
16,10,0.0001,97,7.563710230005645,623,748,1.727380285738135e-05
16,10,0.0001,98,8.504293443450754,702,846,1.733651714460708e-05
16,10,0.0001,99,8.001645793144053,660,794,1.7293338899282144e-05
16,100,0.01,0,7.3026383253268525,4867,6047,0.0019261119660835616
16,100,0.01,1,8.601641872203459,5800,7211,0.0019828610569943028
16,100,0.01,2,7.983682348687154,5355,6656,0.0019576170946922376
16,100,0.01,3,7.390135542307211,4930,6125,0.0019303695545127533
16,100,0.01,4,6.888077768702054,4572,5679,0.0019051424517477387
16,100,0.01,5,8.556020661014164,5767,7170,0.001981106873443347
16,100,0.01,6,6.873309980438847,4561,5665,0.0019043725084203498
16,100,0.01,7,7.575706059219511,5062,6291,0.0019391982627443454
16,100,0.01,8,6.809970156207013,4516,5609,0.001901052152454306
16,100,0.01,9,7.027443260613574,4671,5802,0.0019123339372801695
16,100,0.01,10,7.000882865521136,4652,5779,0.001910974529098878
16,100,0.01,11,5.502060422485097,3594,4459,0.0018279250027299601
16,100,0.01,12,7.484811062076243,4997,6209,0.0019349090801029565
16,100,0.01,13,7.22211721703585,4810,5975,0.0019221407253081088
16,100,0.01,14,8.32107265140526,5598,6958,0.0019717977126217576
16,100,0.01,15,7.451570376560372,4973,6180,0.0019333228886033726
16,100,0.01,16,7.098545146945515,4722,5865,0.00191594845180874
16,100,0.01,17,8.972999498277773,6068,7546,0.0019964958354076663
16,100,0.01,18,8.376143761666075,5637,7008,0.0019740219028839935
16,100,0.01,19,7.822594960754751,5239,6511,0.0019505084055875617
16,100,0.01,20,7.8225088019486435,5239,6511,0.001950504577475583
16,100,0.01,21,7.245910190559567,4827,5997,0.0019233190924610034
16,100,0.01,22,8.102772001646787,5440,6762,0.00196273166118942
16,100,0.01,23,8.430554098601103,5676,7057,0.0019761932847276384
16,100,0.01,24,7.217520002012204,4806,5971,0.0019219113658421464
16,100,0.01,25,8.377307404965006,5638,7009,0.0019740687224318433
16,100,0.01,26,7.795429718776197,5220,6487,0.0019492887958747127
16,100,0.01,27,7.415764716022878,4948,6148,0.0019316053882835978
16,100,0.01,28,7.430978647622932,4959,6161,0.0019323358983706416
16,100,0.01,29,7.150075552190314,4758,5911,0.0019185439053250038
16,100,0.01,30,7.792245973195958,5217,6484,0.0019491449511075468
16,100,0.01,31,7.470683418033467,4987,6197,0.0019342357868226852
16,100,0.01,32,7.602629312737674,5082,6315,0.0019404556373866459
16,100,0.01,33,5.8583297804882495,3844,4770,0.001848410838738182
16,100,0.01,34,7.438250131590209,4964,6168,0.0019326855815396857
16,100,0.01,35,7.412895598886639,4946,6145,0.0019314671679847432
16,100,0.01,36,7.154208175401026,4761,5915,0.0019187524198339692
16,100,0.01,37,7.380487397053832,4923,6116,0.0019299034569797663
16,100,0.01,38,7.67836140363119,5136,6382,0.0019439619690295102
16,100,0.01,39,6.110498165078394,4021,4992,0.001862765116637715
16,100,0.01,40,8.717227161270884,5883,7315,0.001987228402334614
16,100,0.01,41,7.31197892828644,4874,6055,0.0019265691425070868
16,100,0.01,42,8.807331841808335,5949,7396,0.001990554873509832
16,100,0.01,43,6.10515805277694,4018,4987,0.0018624637696812167
16,100,0.01,44,6.476322440907785,4280,5314,0.0018831303188799305
16,100,0.01,45,7.836568588744759,5249,6524,0.0019511340720528715
16,100,0.01,46,7.152560002940581,4760,5913,0.0019186698140320865
16,100,0.01,47,7.611802379875853,5088,6323,0.0019408832232080248
16,100,0.01,48,8.183934793899923,5499,6835,0.001966148228828469
16,100,0.01,49,6.289040453987368,4147,5149,0.0018727852056183833
16,100,0.01,50,7.015486980344706,4662,5792,0.0019117229788833824
16,100,0.01,51,7.239137689782611,4822,5990,0.0019229835693173678
16,100,0.01,52,8.169210454797785,5488,6822,0.0019655330375346514
16,100,0.01,53,7.314270171832394,4875,6057,0.0019266809276550858
16,100,0.01,54,6.174261256095988,4066,5048,0.0018663592631840873
16,100,0.01,55,7.174554808717924,4776,5933,0.0019197708409869202
16,100,0.01,56,6.680083833106364,4424,5494,0.0018941587520060338
16,100,0.01,57,7.9717630308088125,5346,6645,0.0019570983723197996
16,100,0.01,58,7.3302372075991356,4887,6072,0.00192746100386087
16,100,0.01,59,7.005122734342364,4655,5782,0.0019111920424089803
16,100,0.01,60,6.786387768985753,4500,5588,0.0018998097644518368
16,100,0.01,61,6.989416944961355,4644,5768,0.001910385702297653
16,100,0.01,62,8.21988138367027,5525,6868,0.0019676444336910715
16,100,0.01,63,6.971883696341518,4631,5753,0.001909483604615561
16,100,0.01,64,6.343134530284337,4186,5197,0.0018757922070765291
16,100,0.01,65,6.009291781699154,3950,4903,0.0018570285837361045
16,100,0.01,66,6.6994897854953575,4438,5511,0.001895195903105407
16,100,0.01,67,6.9719025665501855,4631,5753,0.001909484567314918
16,100,0.01,68,7.817451374587515,5235,6507,0.0019502783978627724
16,100,0.01,69,8.104978566569507,5442,6764,0.0019628245057189803
16,100,0.01,70,8.298962997101203,5582,6939,0.0019708978268189723
16,100,0.01,71,7.676152063977565,5134,6380,0.0019438608524891593
16,100,0.01,72,8.706075327647872,5875,7305,0.0019868120401736688
16,100,0.01,73,7.6994816998453945,5151,6401,0.0019449314630840717
16,100,0.01,74,7.339404292016972,4893,6080,0.0019279082574393475
16,100,0.01,75,8.023958096227005,5384,6692,0.001959359339895031
16,100,0.01,76,7.744461893015876,5183,6441,0.00194698379970377
16,100,0.01,77,8.375920071404657,5637,7008,0.001974012924559398
16,100,0.01,78,8.504230490479419,5730,7123,0.0019790949249380617
16,100,0.01,79,8.03516574815017,5392,6702,0.001959842074574377
16,100,0.01,80,6.584231177441641,4356,5409,0.0018890021739432486
16,100,0.01,81,8.105649502353138,5442,6765,0.0019628529620199235
16,100,0.01,82,7.062523686646635,4696,5833,0.0019141219695474768
16,100,0.01,83,6.985837318816417,4641,5765,0.0019102022427671895
16,100,0.01,84,6.28190923555696,4142,5143,0.0018723882974814963
16,100,0.01,85,7.439083668395594,4965,6169,0.0019327252385202326
16,100,0.01,86,7.3683208513865,4914,6106,0.0019293135771885628
16,100,0.01,87,7.578859190658781,5065,6293,0.0019393461259520248
16,100,0.01,88,6.846160606519986,4542,5641,0.0019029522853996688
16,100,0.01,89,8.69781959232244,5869,7298,0.0019865024255987787
16,100,0.01,90,7.362278986115798,4910,6100,0.0019290208677632263
16,100,0.01,91,6.873398785987606,4561,5666,0.001904377204450913
16,100,0.01,92,5.861653790855772,3846,4773,0.00184860134461963
16,100,0.01,93,7.165622057329842,4769,5925,0.001919323814584768
16,100,0.01,94,7.946871236783023,5328,6623,0.0019560115784798713
16,100,0.01,95,6.8345451015248155,4534,5631,0.0019023437144355514
16,100,0.01,96,6.319065368873932,4169,5175,0.0018744559351510847
16,100,0.01,97,7.98890810856506,5359,6660,0.001957843106053326
16,100,0.01,98,6.859033441845087,4551,5653,0.0019036260667556217
16,100,0.01,99,8.514897662674121,5737,7133,0.0019795108927494467
16,100,0.001,0,8.124367446683634,6414,7974,0.00017316205335797196
16,100,0.001,1,6.854028230852588,5356,6655,0.00017326480462996366
16,100,0.001,2,7.317219651570213,5741,7134,0.0001729956488888176
16,100,0.001,3,8.2435569763331,6514,8099,0.00017324471596039044
16,100,0.001,4,7.673640069877795,6037,7504,0.00017298080342716075
16,100,0.001,5,6.663527417453441,5199,6458,0.00017346872997692082
16,100,0.001,6,6.786790125246628,5301,6585,0.00017333018618236314
16,100,0.001,7,7.4630897803614,5862,7286,0.0001729706981046834
16,100,0.001,8,4.887025413266761,3743,4642,0.00017894924833420286
16,100,0.001,9,6.86783941417681,5368,6669,0.00017325198661826942
16,100,0.001,10,7.707976006125975,6066,7540,0.00017298658738258672
16,100,0.001,11,8.248892353939146,6518,8104,0.0001732488461246611
16,100,0.001,12,8.028329391760751,6333,7874,0.00017310716418788557
16,100,0.001,13,7.488303419584647,5883,7312,0.00017296971142821306
16,100,0.001,14,7.266476422048008,5698,7081,0.0001730109626086406
16,100,0.001,15,4.9640652304634445,3806,4720,0.00017854626926156071
16,100,0.001,16,6.469083734008551,5038,6257,0.00017374092040983255
16,100,0.001,17,8.296855097543828,6558,8154,0.000173284362829905
16,100,0.001,18,8.359654897882738,6611,8220,0.00017333409426903762
16,100,0.001,19,7.541371958989137,5927,7367,0.00017296781640246505
16,100,0.001,20,7.210347005611794,5652,7023,0.00017303071950069436
16,100,0.001,21,8.150567367917844,6436,8002,0.00017317961628424863
16,100,0.001,22,7.363480941106166,5779,7182,0.00017298431914014549
16,100,0.001,23,6.927129778133948,5417,6730,0.00017320134371262306
16,100,0.001,24,8.847712271744372,7021,8731,0.00017383626883797092
16,100,0.001,25,6.621873012130463,5164,6415,0.00017352134586173416
16,100,0.001,26,9.326008672046138,7423,9234,0.00017448042632140816
16,100,0.001,27,7.283800666038161,5713,7099,0.0001730047908868315
16,100,0.001,28,6.692634539690534,5223,6488,0.000173433700814675
16,100,0.001,29,7.278012185776105,5708,7093,0.00017300641294147156
16,100,0.001,30,7.964985093171481,6281,7808,0.00017307458285481663
16,100,0.001,31,7.8551107743775415,6189,7693,0.0001730288161482909
16,100,0.001,32,8.956027968816898,7112,8845,0.00017396944540084107
16,100,0.001,33,8.800570264947225,6981,8682,0.0001737793027486399
16,100,0.001,34,8.887297418745218,7054,8773,0.0001738832239078121
16,100,0.001,35,7.045632004889875,5515,6853,0.00017311660011991734
16,100,0.001,36,7.170689344766748,5619,6982,0.00017304790504634027
16,100,0.001,37,7.852465063396331,6187,7691,0.00017302864475748003
16,100,0.001,38,5.695871509217685,4403,5464,0.00017554257024295317
16,100,0.001,39,7.792763850178747,6137,7628,0.00017300791768095646
16,100,0.001,40,7.690689582099838,6052,7522,0.00017298278530292034
16,100,0.001,41,7.194507780180673,5639,7007,0.00017303745818051048
16,100,0.001,42,6.411667792099377,4991,6198,0.00017383309127149871
16,100,0.001,43,7.098896554401215,5559,6908,0.0001730843401736949
16,100,0.001,44,6.134655884057766,4763,5914,0.0001743686977723073
16,100,0.001,45,7.504419338235572,5896,7328,0.00017296895615326888
16,100,0.001,46,7.062450956336683,5529,6870,0.00017310546324634428
16,100,0.001,47,7.71644077976643,6073,7549,0.00017298870027312275
16,100,0.001,48,7.982509148598608,6295,7826,0.00017308275662676693
16,100,0.001,49,7.206744565868447,5649,7020,0.0001730326096082673
16,100,0.001,50,6.55555078549103,5109,6347,0.00017361097322603805
16,100,0.001,51,7.672550923874195,6036,7503,0.00017298011406899417
16,100,0.001,52,8.601286413869527,6814,8473,0.00017355923316485363
16,100,0.001,53,7.213282596777963,5654,7026,0.00017302922263795272
16,100,0.001,54,7.249787555545419,5685,7064,0.00017301588909649732
16,100,0.001,55,5.981356849903601,4637,5757,0.00017473082315563982
16,100,0.001,56,7.815033266983349,6155,7652,0.00017301456534968575
16,100,0.001,57,5.732819593635629,4433,5502,0.0001754273770840701
16,100,0.001,58,8.862690098227915,7033,8747,0.00017385264432112372
16,100,0.001,59,6.587252699493407,5136,6379,0.00017356743208928608
16,100,0.001,60,9.213462352445912,7329,9116,0.00017431683027602191
16,100,0.001,61,7.066060472641389,5532,6874,0.00017310305131164712
16,100,0.001,62,6.108746721555017,4741,5887,0.00017442662264366198
16,100,0.001,63,8.114647253493509,6406,7964,0.00017315749532562943
16,100,0.001,64,6.645405739255224,5184,6439,0.00017349117262552727
16,100,0.001,65,8.2614256324017,6529,8117,0.00017325709762097718
16,100,0.001,66,7.126398996672089,5582,6936,0.00017306996084298396
16,100,0.001,67,7.8334661205124565,6171,7671,0.0001730213447337529
16,100,0.001,68,7.112942839537949,5571,6922,0.0001730764879862335
16,100,0.001,69,7.550626240340598,5935,7376,0.00017296768976742276
16,100,0.001,70,7.105372303525849,5565,6915,0.00017308112876451734
16,100,0.001,71,7.200937758977932,5644,7014,0.00017303434910522197
16,100,0.001,72,7.4808593582470655,5877,7304,0.0001729691538132469
16,100,0.001,73,7.642279258284977,6011,7472,0.00017297584470442128
16,100,0.001,74,7.77257132293347,6120,7607,0.00017300195293535765
16,100,0.001,75,6.845126673227947,5349,6645,0.00017327306188649354
16,100,0.001,76,5.76106826851726,4456,5531,0.0001753405505356745
16,100,0.001,77,6.979843434330812,5460,6785,0.0001731613158318414
16,100,0.001,78,7.971499728400502,6286,7815,0.00017307752028837485
16,100,0.001,79,7.854516130454595,6188,7693,0.00017302881522052695
16,100,0.001,80,6.14842766666003,4774,5928,0.0001743384583275478
16,100,0.001,81,7.455922526287021,5856,7278,0.0001729714393523365
16,100,0.001,82,7.705657174751454,6064,7538,0.00017298665103350006
16,100,0.001,83,8.03713369409395,6341,7883,0.00017311285644125633
16,100,0.001,84,6.934419493689342,5423,6738,0.00017319554685917755
16,100,0.001,85,6.456265074200338,5027,6244,0.00017376032340790076
16,100,0.001,86,7.521666263110974,5911,7346,0.00017296786921401963
16,100,0.001,87,7.751538918574061,6102,7585,0.00017299734276625316
16,100,0.001,88,6.928720387078147,5418,6732,0.00017319993538811128
16,100,0.001,89,7.372198989919507,5786,7191,0.00017298275870381445
16,100,0.001,90,8.821232183999678,6998,8704,0.00017380393766039593
16,100,0.001,91,7.926260261630278,6248,7767,0.00017305774816468185
16,100,0.001,92,7.908532739581232,6233,7749,0.00017305015396691726
16,100,0.001,93,7.709205192040669,6067,7541,0.00017298746956174335
16,100,0.001,94,6.587846231723318,5136,6380,0.0001735666230584272
16,100,0.001,95,8.605701349098522,6817,8478,0.00017356569705525443
16,100,0.001,96,6.063700298625711,4704,5841,0.00017453026715990262
16,100,0.001,97,7.001444658185681,5478,6807,0.00017314573418063467
16,100,0.001,98,8.664475710353368,6867,8539,0.00017362609752838957
16,100,0.001,99,6.810878933796821,5321,6610,0.00017330613665597584
16,100,0.0001,0,7.648988600060627,6919,8601,1.8947100270001754e-05
16,100,0.0001,1,7.011272249175113,6314,7846,1.922219404936827e-05
16,100,0.0001,2,6.717703261261208,6036,7500,1.9353728393142882e-05
16,100,0.0001,3,7.158984352321006,6454,8021,1.9156967462346178e-05
16,100,0.0001,4,8.22126079616724,7464,9282,1.871664752246462e-05
16,100,0.0001,5,8.114457804271318,7362,9155,1.8757919880464532e-05
16,100,0.0001,6,8.57129291370477,7799,9699,1.858478464033459e-05
16,100,0.0001,7,7.886949572762982,7145,8884,1.884949830636528e-05
16,100,0.0001,8,8.197419848943934,7441,9254,1.872456402081819e-05
16,100,0.0001,9,6.4860878868960175,5817,7227,1.9459746981116926e-05
16,100,0.0001,10,7.001859299245374,6305,7835,1.922682299068466e-05
16,100,0.0001,11,7.280956655578548,6569,8165,1.910292639781646e-05
16,100,0.0001,12,5.6631125119879115,5044,6263,1.9836626355155674e-05
16,100,0.0001,13,8.586313821162133,7813,9717,1.8579351704042276e-05
16,100,0.0001,14,8.341858337059513,7579,9426,1.867042754212373e-05
16,100,0.0001,15,7.187738484367781,6481,8055,1.9143600581779393e-05
16,100,0.0001,16,7.144149987772966,6439,8003,1.9163261481610845e-05
16,100,0.0001,17,8.264549004215503,7505,9334,1.8699762260886273e-05
16,100,0.0001,18,7.230873448054923,6522,8106,1.9125273667061262e-05
16,100,0.0001,19,8.12302884623454,7370,9165,1.875495091428855e-05
16,100,0.0001,20,8.106615327514152,7355,9145,1.8760634203434608e-05
16,100,0.0001,21,6.8168418181803885,6130,7617,1.9309284720221843e-05
16,100,0.0001,22,7.13759542385608,6433,7996,1.9165960472232963e-05
16,100,0.0001,23,8.833063335163747,8049,10012,1.8491798362739284e-05
16,100,0.0001,24,6.43493065244074,5769,7167,1.9482687268723717e-05
16,100,0.0001,25,7.046017575812412,6347,7887,1.920659328282004e-05
16,100,0.0001,26,7.8104912102913175,7072,8793,1.8880296889235027e-05
16,100,0.0001,27,8.31190435929818,7551,9390,1.8681594005156694e-05
16,100,0.0001,28,8.324943731717285,7563,9406,1.8677971618348763e-05
16,100,0.0001,29,7.920382655508519,7177,8924,1.8835535723667188e-05
16,100,0.0001,30,6.948354726283307,6254,7772,1.9249697459487996e-05
16,100,0.0001,31,7.264988803618493,6554,8146,1.9109939949926974e-05
16,100,0.0001,32,7.258264685182265,6548,8138,1.911278217957717e-05
16,100,0.0001,33,7.601663642572493,6874,8545,1.8966623067015548e-05
16,100,0.0001,34,7.018285259214034,6320,7855,1.9218961091825815e-05
16,100,0.0001,35,7.658211631318112,6928,8612,1.8942732688144886e-05
16,100,0.0001,36,7.424423519593443,6705,8335,1.9042266043540478e-05
16,100,0.0001,37,7.294965903577266,6582,8182,1.9097341551124416e-05
16,100,0.0001,38,9.186354273182253,8388,10435,1.8370446176925703e-05
16,100,0.0001,39,7.14769506488304,6443,8008,1.9161215711343588e-05
16,100,0.0001,40,7.197432510669123,6490,8066,1.9140204626438454e-05
16,100,0.0001,41,7.570035651815613,6844,8508,1.8979706106320877e-05
16,100,0.0001,42,6.884476843152646,6194,7697,1.9278710064900237e-05
16,100,0.0001,43,7.702489420659787,6970,8665,1.892500010207066e-05
16,100,0.0001,44,8.329652920525461,7568,9411,1.8674327093163923e-05
16,100,0.0001,45,7.082412527337597,6381,7930,1.9189891970445207e-05
16,100,0.0001,46,7.831494229783653,7092,8818,1.887062921166706e-05
16,100,0.0001,47,7.58777172011262,6861,8529,1.897182107237844e-05
16,100,0.0001,48,6.762301874320922,6078,7553,1.9333388839535378e-05
16,100,0.0001,49,6.576826538980928,5903,7334,1.941769331871966e-05
16,100,0.0001,50,8.617003826906481,7842,9754,1.8567849804327687e-05
16,100,0.0001,51,7.583220455169236,6856,8523,1.8974170348982514e-05
16,100,0.0001,52,5.97132075033768,5333,6623,1.9696524476269146e-05
16,100,0.0001,53,6.343775252911934,5683,7060,1.9524605935577177e-05
16,100,0.0001,54,7.148148427978381,6443,8008,1.9160997665675435e-05
16,100,0.0001,55,7.239870205414151,6530,8117,1.9121200070760013e-05
16,100,0.0001,56,7.4021767733333705,6684,8309,1.90515020778449e-05
16,100,0.0001,57,8.336032909049377,7574,9419,1.867265187388103e-05
16,100,0.0001,58,8.470343454175179,7702,9579,1.8621351366484146e-05
16,100,0.0001,59,7.681154818934981,6949,8640,1.893400307649739e-05
16,100,0.0001,60,7.8457300734862345,7106,8835,1.886524808330532e-05
16,100,0.0001,61,8.849227046110567,8065,10032,1.848517307679221e-05
16,100,0.0001,62,7.306514406821622,6593,8195,1.9092044921078186e-05
16,100,0.0001,63,6.705854838281502,6025,7486,1.9358916401559813e-05
16,100,0.0001,64,7.49986539958501,6777,8425,1.9009880470515494e-05
16,100,0.0001,65,8.687520448422278,7910,9838,1.8541249566589038e-05
16,100,0.0001,66,8.149983046154643,7396,9197,1.8743602089505643e-05
16,100,0.0001,67,7.05814407793658,6358,7902,1.920083288002221e-05
16,100,0.0001,68,6.349539033481271,5689,7067,1.9522422469413704e-05
16,100,0.0001,69,6.660792761600655,5982,7433,1.9379663480538097e-05
16,100,0.0001,70,7.905621310924621,7163,8906,1.884100203467774e-05
16,100,0.0001,71,7.382478113614734,6666,8285,1.906035839249256e-05
16,100,0.0001,72,7.895641265185278,7154,8894,1.8845100991730932e-05
16,100,0.0001,73,7.678222419292936,6947,8636,1.8933840963267915e-05
16,100,0.0001,74,7.5232874237818566,6799,8452,1.9000361801872463e-05
16,100,0.0001,75,7.815736466125365,7077,8799,1.8878685311266907e-05
16,100,0.0001,76,6.801313367675778,6115,7599,1.9315640517949295e-05
16,100,0.0001,77,6.714897339820455,6033,7497,1.9355079535363176e-05
16,100,0.0001,78,7.317265712145774,6604,8208,1.9088019705223934e-05
16,100,0.0001,79,6.9757965878459665,6280,7804,1.9236924564068907e-05
16,100,0.0001,80,8.563683143544846,7791,9690,1.8587471813260428e-05
16,100,0.0001,81,6.901959076470035,6210,7717,1.9271692270555858e-05
16,100,0.0001,82,7.491759766851976,6769,8415,1.9012662909557556e-05
16,100,0.0001,83,7.659041682593802,6928,8613,1.8942351958309454e-05
16,100,0.0001,84,7.6113585801611015,6883,8557,1.8963429754042697e-05
16,100,0.0001,85,7.152677995371096,6448,8013,1.9159983275500495e-05
16,100,0.0001,86,7.643317531843709,6913,8595,1.89485407744363e-05
16,100,0.0001,87,7.852299998107615,7112,8843,1.8863358872864052e-05
16,100,0.0001,88,6.967740282506996,6272,7795,1.924066547273181e-05
16,100,0.0001,89,8.096835518081019,7345,9134,1.8764632206603337e-05
16,100,0.0001,90,8.716134156802717,7937,9872,1.853182219653614e-05
16,100,0.0001,91,9.141920081855211,8346,10382,1.8385585773653227e-05
16,100,0.0001,92,5.169180965528033,4583,5687,2.005287700679632e-05
16,100,0.0001,93,7.034844595108149,6336,7874,1.921136153384292e-05
16,100,0.0001,94,8.311427136864056,7550,9389,1.8681564332773135e-05
16,100,0.0001,95,7.377253330073989,6661,8279,1.906220461838667e-05
16,100,0.0001,96,7.7592263762774705,7024,8732,1.8901793420244585e-05
16,100,0.0001,97,8.01968265006763,7272,9042,1.8795831236909276e-05
16,100,0.0001,98,8.734212512694917,7955,9894,1.8525583762810735e-05
16,100,0.0001,99,7.184237865188546,6477,8051,1.9144902316596815e-05
16,1000,0.01,0,8.027490811087203,63038,78646,0.0017312493081800555
16,1000,0.01,1,7.740263355669635,60640,75653,0.0017300791204088847
16,1000,0.01,2,7.021120111312053,54659,68189,0.0017316517597551805
16,1000,0.01,3,7.978677801183178,62630,78137,0.001730963259796626
16,1000,0.01,4,7.361862502597935,57488,71720,0.0017300772056422556
16,1000,0.01,5,8.671478653751862,68434,85381,0.0017362832039395162
16,1000,0.01,6,7.798069842314868,61122,76255,0.0017302995644016674
16,1000,0.01,7,8.934677083585306,70646,88142,0.001739381539033413
16,1000,0.01,8,8.310235098451226,65404,81599,0.0017329841986597426
16,1000,0.01,9,6.246245274760946,48258,60199,0.0017419646539455597
16,1000,0.01,10,8.310084524320024,65402,81597,0.0017330570176181737
16,1000,0.01,11,8.696573049216589,68644,85644,0.0017366826698737958
16,1000,0.01,12,5.952078604761477,45840,57182,0.0017488016143749367
16,1000,0.01,13,7.643629017944958,59834,74647,0.001729966474161372
16,1000,0.01,14,8.165238708322278,64190,80084,0.0017321103478385549
16,1000,0.01,15,7.42502503898982,58014,72375,0.001730048976598611
16,1000,0.01,16,6.156442688632566,47519,59277,0.0017439128524555133
16,1000,0.01,17,7.2327026496763445,56415,70380,0.001730545542549277
16,1000,0.01,18,7.728221758109475,60539,75527,0.0017302142674831523
16,1000,0.01,19,7.758955088001171,60795,75847,0.0017302160254124494
16,1000,0.01,20,7.24701426454514,56534,70529,0.0017305068221924644
16,1000,0.01,21,6.369011053041462,49269,61461,0.0017396357172587758
16,1000,0.01,22,7.683564782359024,60167,75063,0.0017300688689640986
16,1000,0.01,23,6.566270256419415,50896,63492,0.0017364771293213008
16,1000,0.01,24,6.173519133451757,47659,59452,0.001743525469180721
16,1000,0.01,25,6.479126981471465,50177,62594,0.0017377341059503833
16,1000,0.01,26,8.187843573672488,64379,80320,0.0017321927611976336
16,1000,0.01,27,6.91922831652758,53815,67135,0.0017324370705198153
16,1000,0.01,28,8.69194946603859,68606,85595,0.0017365504419235315
16,1000,0.01,29,7.810097684782486,61222,76380,0.0017303091187564144
16,1000,0.01,30,6.803052373161086,52853,65935,0.001733502810063797
16,1000,0.01,31,8.800620977054987,69519,86735,0.0017379354981721662
16,1000,0.01,32,8.204614130570953,64519,80495,0.0017323521711348562
16,1000,0.01,33,9.211649656415366,72979,91053,0.0017432251272152162
16,1000,0.01,34,7.197673691181315,56124,70017,0.0017306423717920686
16,1000,0.01,35,5.9658696194034935,45953,57323,0.001748455730750261
16,1000,0.01,36,6.434657713706005,49810,62137,0.0017384501249853611
16,1000,0.01,37,7.8482187424749235,61540,76777,0.0017305203968009113
16,1000,0.01,38,6.966007413751706,54202,67619,0.0017321366768924076
16,1000,0.01,39,7.486915585009468,58529,73018,0.0017298676301093809
16,1000,0.01,40,7.81235045270007,61241,76403,0.0017303258456203639
16,1000,0.01,41,7.843359028028555,61500,76726,0.0017305713854138466
16,1000,0.01,42,7.934389940128446,62260,77675,0.0017308243434775747
16,1000,0.01,43,7.248921635412883,56550,70548,0.0017304086633198636
16,1000,0.01,44,6.7793030510163845,52656,65689,0.0017338467350030713
16,1000,0.01,45,6.7387893967436145,52321,65271,0.0017342215176225175
16,1000,0.01,46,6.078348471986106,46877,58476,0.0017456807601443193
16,1000,0.01,47,7.4346244883534895,58093,72475,0.0017299879980451364
16,1000,0.01,48,6.534640299834191,50635,63166,0.0017369303738159908
16,1000,0.01,49,6.7572035326297515,52474,65461,0.0017340593409383787
16,1000,0.01,50,6.763791703206028,52528,65529,0.0017340465571364257
16,1000,0.01,51,7.8169345594521715,61279,76451,0.0017303734054663967
16,1000,0.01,52,8.7898543474831,69428,86622,0.0017377495565613244
16,1000,0.01,53,7.756827662396232,60778,75825,0.001730234787008248
16,1000,0.01,54,5.992806784019582,46174,57599,0.001747707670715331
16,1000,0.01,55,7.42800644380396,58038,72406,0.001730032004267936
16,1000,0.01,56,7.182332799333716,55997,69858,0.0017307284843475143
16,1000,0.01,57,7.5229746188473765,58829,73393,0.0017298218565257233
16,1000,0.01,58,7.941692987992476,62321,77751,0.0017307836100717803
16,1000,0.01,59,7.392141467558,57740,72034,0.0017300715727212933
16,1000,0.01,60,7.99585887444974,62773,78316,0.001731187817910896
16,1000,0.01,61,6.945773181811207,54035,67409,0.0017322566314385251
16,1000,0.01,62,7.795952832857951,61104,76233,0.0017303085923738321
16,1000,0.01,63,7.708454323416838,60374,75322,0.0017300779460592446
16,1000,0.01,64,8.222073916303252,64665,80678,0.001732405995334447
16,1000,0.01,65,7.459122996462005,58297,72730,0.00172986763116056
16,1000,0.01,66,6.500790076547603,50355,62817,0.0017373923486493264
16,1000,0.01,67,7.140972955537041,55653,69430,0.0017309195042122172
16,1000,0.01,68,6.3591880040003215,49188,61360,0.0017398461748323098
16,1000,0.01,69,8.082213466978327,63495,79217,0.001731560671984597
16,1000,0.01,70,6.322700764185773,48887,60985,0.0017405224381526643
16,1000,0.01,71,7.7297583179423395,60552,75543,0.001730198513277466
16,1000,0.01,72,6.547786356653479,50743,63301,0.0017367381757372514
16,1000,0.01,73,7.239816237091048,56474,70454,0.0017304900480564973
16,1000,0.01,74,7.19092954100465,56068,69947,0.0017307405904410317
16,1000,0.01,75,8.198542978166309,64469,80432,0.0017323549122016074
16,1000,0.01,76,8.128064982914065,63879,79696,0.0017317749293395952
16,1000,0.01,77,8.396082128748116,66123,82497,0.0017338371949422384
16,1000,0.01,78,6.953740786278838,54101,67492,0.0017322179383447009
16,1000,0.01,79,5.924589021383383,45614,56900,0.0017495372784716013
16,1000,0.01,80,6.757022015404072,52472,65459,0.0017340674187139376
16,1000,0.01,81,7.802791280665111,61161,76304,0.0017303668789135213
16,1000,0.01,82,7.664432504373477,60007,74864,0.0017299430202045237
16,1000,0.01,83,7.98135010867658,62652,78165,0.00173096856897267
16,1000,0.01,84,7.895913079654964,61938,77274,0.0017306260764861938
16,1000,0.01,85,6.996565864827339,54456,67935,0.0017318984845290846
16,1000,0.01,86,6.702454141422496,52021,64896,0.0017347229912254734
16,1000,0.01,87,8.032840256556558,63083,78702,0.001731247453599098
16,1000,0.01,88,8.032587978250852,63080,78699,0.0017311448030665586
16,1000,0.01,89,5.737649721381752,44082,54988,0.00175501010312683
16,1000,0.01,90,5.98786521399561,46134,57548,0.0017479083524584325
16,1000,0.01,91,6.541871061579102,50694,63241,0.0017368461810208613
16,1000,0.01,92,7.561351869044268,59148,73792,0.0017299276054374268
16,1000,0.01,93,8.503037024817429,67020,83616,0.0017347108943043014
16,1000,0.01,94,8.133761328187214,63926,79755,0.0017318391458408496
16,1000,0.01,95,6.529949417664895,50596,63118,0.001736983146337251
16,1000,0.01,96,5.144665062576358,39243,48949,0.0017779686364832047
16,1000,0.01,97,6.848285095305698,53227,66402,0.0017331067708442245
16,1000,0.01,98,8.45591328346947,66625,83123,0.001734319281262628
16,1000,0.01,99,6.822703178443289,53016,66138,0.001733406879200219
16,1000,0.001,0,7.858361034175215,70858,88404,0.00018876868730262483
16,1000,0.001,1,7.496232257636172,67414,84105,0.00019029935266372575
16,1000,0.001,2,6.454633493167764,57559,71805,0.00019498655855922892
16,1000,0.001,3,8.030054018648233,72494,90445,0.0001881001520806826
16,1000,0.001,4,7.6973361187353895,69326,86491,0.00018943916601573028
16,1000,0.001,5,8.126185106387952,73411,91589,0.0001877247534025325
16,1000,0.001,6,7.097841306578923,63635,79389,0.0001919560080126354
16,1000,0.001,7,7.114167699627383,63790,79582,0.00019185857294027405
16,1000,0.001,8,7.027240774960988,62967,78555,0.00019229705136928374
16,1000,0.001,9,8.038388068889468,72573,90544,0.00018803328717031226
16,1000,0.001,10,7.86782568806284,70948,88516,0.0001887217235652501
16,1000,0.001,11,6.855843324320665,61346,76531,0.0001930810807510823
16,1000,0.001,12,7.431989700531661,66804,83344,0.00019059724338191375
16,1000,0.001,13,7.918853921184626,71434,89123,0.00018838844314840068
16,1000,0.001,14,7.900568721862761,71260,88905,0.00018857845664673514
16,1000,0.001,15,6.4736536823562645,57738,72029,0.00019481561441454383
16,1000,0.001,16,6.094118064327705,54167,67572,0.00019664411840359782
16,1000,0.001,17,8.250390688861964,74596,93069,0.00018720017839911695
16,1000,0.001,18,6.750755677325557,60353,75292,0.00019358282482965407
16,1000,0.001,19,6.220206092579804,55352,69051,0.00019600293085999084
16,1000,0.001,20,5.208292875483369,45881,57231,0.0002006080215672897
16,1000,0.001,21,6.430780147818988,57334,71525,0.00019503461248327202
16,1000,0.001,22,6.810416115706603,60916,75995,0.0001932871155210524
16,1000,0.001,23,6.027726684715342,53544,66794,0.00019694904697818447
16,1000,0.001,24,7.890940138898935,71168,88791,0.00018864017023554166
16,1000,0.001,25,8.269470051994924,74778,93296,0.00018707068022202845
16,1000,0.001,26,6.440511245806197,57426,71639,0.00019493090886623472
16,1000,0.001,27,8.298822205863924,75059,93646,0.0001870151486873427
16,1000,0.001,28,6.0809138592637595,54043,67417,0.00019669850029056476
16,1000,0.001,29,6.474277573901206,57744,72036,0.00019482049711518328
16,1000,0.001,30,8.317149808385793,75234,93865,0.00018690355300265675
16,1000,0.001,31,7.805940159145308,70359,87781,0.00018890755327016787
16,1000,0.001,32,6.259680794847206,55724,69515,0.00019581903360445908
16,1000,0.001,33,5.921418304009444,52546,65549,0.00019742584065129352
16,1000,0.001,34,8.885909274516639,80676,100657,0.00018476623059646477
16,1000,0.001,35,7.235536324077945,64940,81017,0.00019135018924514596
16,1000,0.001,36,8.856935308087985,80398,100310,0.00018488538969178554
16,1000,0.001,37,8.004913980423458,72254,90146,0.00018815085922384837
16,1000,0.001,38,6.81226001606082,60934,76017,0.00019330369801877424
16,1000,0.001,39,7.155256381274876,64179,80068,0.00019172931938176308
16,1000,0.001,40,7.1813972490592946,64427,80377,0.00019165551767410662
16,1000,0.001,41,7.578064603261925,68191,85075,0.000189987680140139
16,1000,0.001,42,7.5194847306927715,67635,84381,0.0001901238251730328
16,1000,0.001,43,7.548031193208709,67906,84719,0.0001900280693482392
16,1000,0.001,44,8.26206893740663,74708,93208,0.00018711867042888226
16,1000,0.001,45,6.706282176959038,59933,74768,0.0001937989465112271
16,1000,0.001,46,7.561025769838529,68030,84873,0.00019002831155032654
16,1000,0.001,47,7.072025672309457,63391,79084,0.0001920410718027681
16,1000,0.001,48,7.223654446417121,64827,80877,0.0001914620617203037
16,1000,0.001,49,6.705131822794641,59922,74754,0.0001937511607891857
16,1000,0.001,50,7.585629610968622,68263,85165,0.00018985819567814214
16,1000,0.001,51,8.246383666392381,74558,93021,0.00018718340087200562
16,1000,0.001,52,7.8660796269776725,70932,88495,0.00018868967863462928
16,1000,0.001,53,7.214729407292276,64743,80771,0.00019142451973858698
16,1000,0.001,54,8.043384290863074,72621,90604,0.00018797285642769169
16,1000,0.001,55,8.043992403787886,72627,90611,0.00018791971518205484
16,1000,0.001,56,7.694539103399048,69299,86458,0.0001895009234580207
16,1000,0.001,57,6.777942397498769,60609,75612,0.00019341923416923873
16,1000,0.001,58,7.011801857421908,62821,78372,0.00019231738915378825
16,1000,0.001,59,7.580076438927813,68211,85099,0.00018993947598199888
16,1000,0.001,60,7.505625548416112,67503,84216,0.00019026289815300346
16,1000,0.001,61,7.072362884518226,63394,79088,0.00019216814411057153
16,1000,0.001,62,7.940160685077691,71637,89376,0.00018830684534721409
16,1000,0.001,63,7.776714632249977,70081,87433,0.00018914741784311956
16,1000,0.001,64,7.642857531146662,68807,85844,0.0001896633076118133
16,1000,0.001,65,7.2521727940120515,65098,81214,0.00019129494533125195
16,1000,0.001,66,8.100902952352218,73170,91288,0.00018779939017343782
16,1000,0.001,67,6.895133225842033,61717,76995,0.00019286099958635945
16,1000,0.001,68,6.869647123577713,61476,76694,0.00019305180179472807
16,1000,0.001,69,7.877767540385282,71043,88634,0.00018865399939785733
16,1000,0.001,70,6.686389897017408,59745,74533,0.00019391669162716207
16,1000,0.001,71,7.255365757102859,65128,81252,0.00019128205674221927
16,1000,0.001,72,6.840531306992272,61201,76351,0.00019308276365390535
16,1000,0.001,73,7.469102232276136,67156,83783,0.00019032632781596157
16,1000,0.001,74,7.534133018254005,67774,84554,0.0001901623622415648
16,1000,0.001,75,8.612593058704967,78058,97390,0.00018580365506003335
16,1000,0.001,76,8.425251152166394,76267,95154,0.00018653709985925072
16,1000,0.001,77,6.7554928373876235,60397,75348,0.0001934923286670621
16,1000,0.001,78,7.392036640083013,66425,82870,0.00019066705573230955
16,1000,0.001,79,7.109834401892895,63749,79531,0.0001920099156849172
16,1000,0.001,80,7.7009008814698126,69359,86533,0.00018940336316699308
16,1000,0.001,81,8.020352971443522,72401,90330,0.000188041895700654
16,1000,0.001,82,7.376146787306709,66274,82682,0.00019085439771529116
16,1000,0.001,83,8.384435774008868,75876,94667,0.0001865468341615904
16,1000,0.001,84,8.185999541404477,73981,92302,0.00018739760055627643
16,1000,0.001,85,9.286731969741242,84522,105458,0.0001834452172717606
16,1000,0.001,86,7.061657028287182,63293,78961,0.00019217501724501205
16,1000,0.001,87,8.071910341001882,72893,90943,0.00018789692806995908
16,1000,0.001,88,7.726097500895192,69599,86832,0.00018928600336036273
16,1000,0.001,89,7.199067379158075,64594,80586,0.0001915426793455509
16,1000,0.001,90,8.204187278781998,74155,92518,0.0001873951369752118
16,1000,0.001,91,8.619383899462708,78123,97471,0.0001856787753954182
16,1000,0.001,92,7.5598815902985805,68019,84860,0.00018990984278034954
16,1000,0.001,93,7.59831220390044,68384,85316,0.00018981670300342854
16,1000,0.001,94,8.257062143676826,74660,93148,0.00018712151362912618
16,1000,0.001,95,6.994328710257038,62655,78166,0.0001924174921604937
16,1000,0.001,96,6.556409027352457,58518,73003,0.00019449340250762088
16,1000,0.001,97,7.8926862809561,71185,88812,0.000188580749328305
16,1000,0.001,98,6.2174852811229595,55327,69019,0.00019601891286904983
16,1000,0.001,99,7.785209007476627,70162,87534,0.0001891381306094754
16,1000,0.0001,0,7.258014938783431,73681,91924,2.0152644586424756e-05
16,1000,0.0001,1,7.9615100625349715,81195,101302,2.02210108902658e-05
16,1000,0.0001,2,6.2226435442451224,62687,78203,1.991183360305942e-05
16,1000,0.0001,3,7.447960327431127,75707,94452,2.023972414087947e-05
16,1000,0.0001,4,8.010067529117892,81715,101951,2.0193370726311555e-05
16,1000,0.0001,5,8.129569537227653,82995,103548,2.0077197206009316e-05
16,1000,0.0001,6,6.766408134348937,68451,85397,2.0154784942924587e-05
16,1000,0.0001,7,8.359615333278821,85461,106626,2.017028022823771e-05
16,1000,0.0001,8,8.436206010508055,86283,107652,2.0182652222367397e-05
16,1000,0.0001,9,7.332101083177745,74471,92910,2.0235388298372055e-05
16,1000,0.0001,10,4.887166650912879,48639,60670,1.947672856501471e-05
16,1000,0.0001,11,8.646859304725401,88545,110476,2.0196760315624104e-05
16,1000,0.0001,12,8.05094143974484,82152,102497,2.0161718096174845e-05
16,1000,0.0001,13,7.2599538835093345,73702,91950,2.0143436832990807e-05
16,1000,0.0001,14,5.651216918292113,56656,70676,1.9852231682074918e-05
16,1000,0.0001,15,8.371055124544846,85584,106780,2.019682247305007e-05
16,1000,0.0001,16,7.77218646929403,79170,98774,2.023486917013301e-05
16,1000,0.0001,17,9.014678406795479,92502,115414,2.016035232801837e-05
16,1000,0.0001,18,7.710306907743982,78508,97949,2.0142366856081972e-05
16,1000,0.0001,19,6.397924809028856,64543,80519,1.994303061217919e-05
16,1000,0.0001,20,8.71499924459502,89278,111390,2.01152901881136e-05
16,1000,0.0001,21,7.481326806173991,76063,94896,2.0137666845173455e-05
16,1000,0.0001,22,8.441680477377478,86342,107726,2.0195375018302042e-05
16,1000,0.0001,23,8.162985952092946,83353,103995,2.022981647460388e-05
16,1000,0.0001,24,7.515703724107768,76430,95354,2.0169289971643454e-05
16,1000,0.0001,25,6.588851278263343,66566,83044,2.0112307439462983e-05
16,1000,0.0001,26,8.12473784304149,82943,103484,2.0225676954128696e-05
16,1000,0.0001,27,7.546890058107078,76762,95770,2.0155671064544952e-05
16,1000,0.0001,28,6.7943751924325575,68748,85767,2.0058977885573068e-05
16,1000,0.0001,29,6.627995143832688,66982,83563,2.0118226109389793e-05
16,1000,0.0001,30,9.072456313307182,93124,116190,1.9996622012243307e-05
16,1000,0.0001,31,7.618816276795085,77531,96729,2.0208936097968844e-05
16,1000,0.0001,32,6.344808537136186,63980,79816,2.0007585602413857e-05
16,1000,0.0001,33,8.164660838112894,83371,104017,2.012190133651927e-05
16,1000,0.0001,34,8.55396795428014,87547,109230,2.0481178381462602e-05
16,1000,0.0001,35,7.272055409402046,73831,92111,2.019532533230098e-05
16,1000,0.0001,36,7.102993593697716,72030,89863,2.018319374404984e-05
16,1000,0.0001,37,5.709785720597729,57273,71446,1.9799297058460405e-05
16,1000,0.0001,38,8.444821679054854,86375,107768,2.022446969627228e-05
16,1000,0.0001,39,7.319499657800085,74337,92742,2.0126405753992305e-05
16,1000,0.0001,40,7.646776988826279,77829,97101,2.0281451034102307e-05
16,1000,0.0001,41,6.582650030547904,66501,82962,1.99967845951177e-05
16,1000,0.0001,42,5.747341162051318,57669,71940,1.9861646627055373e-05
16,1000,0.0001,43,7.05098289835105,71476,89172,2.0076848127392832e-05
16,1000,0.0001,44,8.36949995225033,85567,106759,2.0169718648868197e-05
16,1000,0.0001,45,6.875207367690349,69607,86839,2.0105557680892586e-05
16,1000,0.0001,46,7.385782575299816,75043,93624,2.0217720067509592e-05
16,1000,0.0001,47,8.713846142457454,89265,111374,2.0274355901473046e-05
16,1000,0.0001,48,7.8320597288531255,79810,99573,2.0231959434931872e-05
16,1000,0.0001,49,8.205502776220099,83808,104564,2.02220381645657e-05
16,1000,0.0001,50,7.040059635925432,71360,89027,2.015173593936558e-05
16,1000,0.0001,51,7.779775088662479,79251,98875,2.008932175540027e-05
16,1000,0.0001,52,7.6330177668134995,77682,96918,2.021605517580907e-05
16,1000,0.0001,53,7.978026979006149,81372,101523,2.022370710045169e-05
16,1000,0.0001,54,7.987154067453334,81469,101645,2.0237486181215478e-05
16,1000,0.0001,55,6.810946487310172,68924,85987,2.0100436178114935e-05
16,1000,0.0001,56,7.349313276519853,74654,93139,2.0151999909675394e-05
16,1000,0.0001,57,7.188990027935493,72946,91006,2.0114936152439786e-05
16,1000,0.0001,58,7.436508160813611,75584,94300,2.003309869497272e-05
16,1000,0.0001,59,7.418650384099832,75394,94062,2.0243572785833005e-05
16,1000,0.0001,60,7.590273282558606,77226,96348,2.025226190034725e-05
16,1000,0.0001,61,6.522781564097897,65866,82170,2.0086991779548255e-05
16,1000,0.0001,62,6.825916110333365,69083,86185,2.0136336701301394e-05
16,1000,0.0001,63,7.824200719030393,79726,99468,2.0165680420240056e-05
16,1000,0.0001,64,7.531654829641214,76600,95567,2.0124462210011858e-05
16,1000,0.0001,65,8.215610434343445,83917,104699,2.02072866205634e-05
16,1000,0.0001,66,6.7765171677646805,68558,85531,2.0130048035891944e-05
16,1000,0.0001,67,8.157997322961583,83299,103928,2.0133146450068854e-05
16,1000,0.0001,68,8.216886602446131,83930,104716,2.012468582188512e-05
16,1000,0.0001,69,7.906222717088913,80603,100563,2.025555182800164e-05
16,1000,0.0001,70,8.775481764544336,89928,112202,2.014149048206529e-05
16,1000,0.0001,71,6.704447567472759,67793,84575,2.0037796822540077e-05
16,1000,0.0001,72,6.447410392950787,65067,81173,2.0022348167147194e-05
16,1000,0.0001,73,7.290985353197958,74033,92363,2.02695382142312e-05
16,1000,0.0001,74,8.580759743947148,87835,109590,2.0054366487187028e-05
16,1000,0.0001,75,7.312088974246786,74258,92644,2.0125697081366027e-05
16,1000,0.0001,76,6.942016869633752,70317,87726,2.022686960498791e-05
16,1000,0.0001,77,8.286848852748541,84681,105652,2.0258107736015033e-05
16,1000,0.0001,78,6.601513278226335,66701,83212,2.0066892029774862e-05
16,1000,0.0001,79,7.695217247105315,78347,97747,2.0182170420861384e-05
16,1000,0.0001,80,7.171737514362669,72762,90777,2.016864017237764e-05
16,1000,0.0001,81,6.758253329883305,68364,85288,2.0072716639181916e-05
16,1000,0.0001,82,6.905740981989038,69932,87244,2.0122309737084046e-05
16,1000,0.0001,83,6.796856471114856,68774,85800,2.0004347758436875e-05
16,1000,0.0001,84,6.926286128183331,70150,87517,2.014503937901336e-05
16,1000,0.0001,85,7.403250696345867,75230,93857,2.0163262960628936e-05
16,1000,0.0001,86,5.284751203238937,52804,65868,1.960534784963108e-05
16,1000,0.0001,87,6.2261452392661605,62724,78249,2.0010585694020355e-05
16,1000,0.0001,88,5.849520617991192,58746,73284,1.992269471983918e-05
16,1000,0.0001,89,5.901762955126628,59297,73972,1.9871160895573232e-05
16,1000,0.0001,90,8.054171868141557,82187,102540,2.017654020387224e-05
16,1000,0.0001,91,6.756099079707354,68342,85260,2.0080033429237088e-05
16,1000,0.0001,92,6.5340192461544735,65985,82319,2.0098835226579667e-05
16,1000,0.0001,93,8.705225361795947,89173,111259,2.015596709360632e-05
16,1000,0.0001,94,6.778138440622232,68576,85552,2.0036704944990724e-05
16,1000,0.0001,95,6.986222901670006,70787,88313,2.0105808974402235e-05
16,1000,0.0001,96,7.6623990582783374,77996,97310,2.0266567313370196e-05
16,1000,0.0001,97,7.499344787183443,76255,95136,2.0174406466475096e-05
16,1000,0.0001,98,6.650384879405399,67219,83859,2.005060514974509e-05
16,1000,0.0001,99,7.68981751343909,78289,97675,2.0078822373823034e-05
