instance,N_S,rmse,lambda,f_norm,t_max,B_PF_bound,B_PF_actual,var_prefactor,target_value,r_at_tmax,N_y,N_z,J,K,expected_estimator_real
0,100,30.09456844796753,2.6423641610489064,0.02385359363252495,7178.358402846898,0.0009999999673143193,7.189912734872905e-05,345891.5929283963,44.82239899899442,60574819,549.4383509498339,1.9999940592326266,1860,2293,44.822327099867074
0,161,32.355313374697054,2.6423641610489064,0.02385359363252495,7178.358402846898,0.0009999999673143193,7.189912734872905e-05,345891.5929283963,44.82239899899442,60574819,549.4383509498339,1.9999940592326266,1860,2293,44.822327099867074
0,259,28.3524361269244,2.6423641610489064,0.02385359363252495,7178.358402846898,0.0009999999673143193,7.189912734872905e-05,345891.5929283963,44.82239899899442,60574819,549.4383509498339,1.9999940592326266,1860,2293,44.822327099867074
0,417,21.753990502592877,2.6423641610489064,0.02385359363252495,7178.358402846898,0.0009999999673143193,7.189912734872905e-05,345891.5929283963,44.82239899899442,60574819,549.4383509498339,1.9999940592326266,1860,2293,44.822327099867074
0,672,15.286181834045093,2.6423641610489064,0.02385359363252495,7178.358402846898,0.0009999999673143193,7.189912734872905e-05,345891.5929283963,44.82239899899442,60574819,549.4383509498339,1.9999940592326266,1860,2293,44.822327099867074
0,1082,12.32330011782973,2.6423641610489064,0.02385359363252495,7178.358402846898,0.0009999999673143193,7.189912734872905e-05,345891.5929283963,44.82239899899442,60574819,549.4383509498339,1.9999940592326266,1860,2293,44.822327099867074
0,1743,9.601062014244228,2.6423641610489064,0.02385359363252495,7178.358402846898,0.0009999999673143193,7.189912734872905e-05,345891.5929283963,44.82239899899442,60574819,549.4383509498339,1.9999940592326266,1860,2293,44.822327099867074
0,2807,8.917288160247782,2.6423641610489064,0.02385359363252495,7178.358402846898,0.0009999999673143193,7.189912734872905e-05,345891.5929283963,44.82239899899442,60574819,549.4383509498339,1.9999940592326266,1860,2293,44.822327099867074
0,4520,7.373399552102963,2.6423641610489064,0.02385359363252495,7178.358402846898,0.0009999999673143193,7.189912734872905e-05,345891.5929283963,44.82239899899442,60574819,549.4383509498339,1.9999940592326266,1860,2293,44.822327099867074
0,7278,5.144482460591036,2.6423641610489064,0.02385359363252495,7178.358402846898,0.0009999999673143193,7.189912734872905e-05,345891.5929283963,44.82239899899442,60574819,549.4383509498339,1.9999940592326266,1860,2293,44.822327099867074
0,11721,4.616912538674087,2.6423641610489064,0.02385359363252495,7178.358402846898,0.0009999999673143193,7.189912734872905e-05,345891.5929283963,44.82239899899442,60574819,549.4383509498339,1.9999940592326266,1860,2293,44.822327099867074
0,18873,3.1564694811089056,2.6423641610489064,0.02385359363252495,7178.358402846898,0.0009999999673143193,7.189912734872905e-05,345891.5929283963,44.82239899899442,60574819,549.4383509498339,1.9999940592326266,1860,2293,44.822327099867074
0,30391,2.298718757704587,2.6423641610489064,0.02385359363252495,7178.358402846898,0.0009999999673143193,7.189912734872905e-05,345891.5929283963,44.82239899899442,60574819,549.4383509498339,1.9999940592326266,1860,2293,44.822327099867074
0,48939,1.8125153568014547,2.6423641610489064,0.02385359363252495,7178.358402846898,0.0009999999673143193,7.189912734872905e-05,345891.5929283963,44.82239899899442,60574819,549.4383509498339,1.9999940592326266,1860,2293,44.822327099867074
0,78804,1.5235141877485108,2.6423641610489064,0.02385359363252495,7178.358402846898,0.0009999999673143193,7.189912734872905e-05,345891.5929283963,44.82239899899442,60574819,549.4383509498339,1.9999940592326266,1860,2293,44.822327099867074
0,126896,1.0720446684403435,2.6423641610489064,0.02385359363252495,7178.358402846898,0.0009999999673143193,7.189912734872905e-05,345891.5929283963,44.82239899899442,60574819,549.4383509498339,1.9999940592326266,1860,2293,44.822327099867074
0,204335,1.1026861383766495,2.6423641610489064,0.02385359363252495,7178.358402846898,0.0009999999673143193,7.189912734872905e-05,345891.5929283963,44.82239899899442,60574819,549.4383509498339,1.9999940592326266,1860,2293,44.822327099867074
0,329034,0.8263221119833392,2.6423641610489064,0.02385359363252495,7178.358402846898,0.0009999999673143193,7.189912734872905e-05,345891.5929283963,44.82239899899442,60574819,549.4383509498339,1.9999940592326266,1860,2293,44.822327099867074
0,529831,0.6774843433248467,2.6423641610489064,0.02385359363252495,7178.358402846898,0.0009999999673143193,7.189912734872905e-05,345891.5929283963,44.82239899899442,60574819,549.4383509498339,1.9999940592326266,1860,2293,44.822327099867074
0,853167,0.5853111425283017,2.6423641610489064,0.02385359363252495,7178.358402846898,0.0009999999673143193,7.189912734872905e-05,345891.5929283963,44.82239899899442,60574819,549.4383509498339,1.9999940592326266,1860,2293,44.822327099867074
0,1373823,0.39394806564210777,2.6423641610489064,0.02385359363252495,7178.358402846898,0.0009999999673143193,7.189912734872905e-05,345891.5929283963,44.82239899899442,60574819,549.4383509498339,1.9999940592326266,1860,2293,44.822327099867074
0,2212216,0.3130788553283966,2.6423641610489064,0.02385359363252495,7178.358402846898,0.0009999999673143193,7.189912734872905e-05,345891.5929283963,44.82239899899442,60574819,549.4383509498339,1.9999940592326266,1860,2293,44.822327099867074
0,3562247,0.2085830816792258,2.6423641610489064,0.02385359363252495,7178.358402846898,0.0009999999673143193,7.189912734872905e-05,345891.5929283963,44.82239899899442,60574819,549.4383509498339,1.9999940592326266,1860,2293,44.822327099867074
0,5736152,0.22218638986379285,2.6423641610489064,0.02385359363252495,7178.358402846898,0.0009999999673143193,7.189912734872905e-05,345891.5929283963,44.82239899899442,60574819,549.4383509498339,1.9999940592326266,1860,2293,44.822327099867074
0,9236708,0.19427498977031088,2.6423641610489064,0.02385359363252495,7178.358402846898,0.0009999999673143193,7.189912734872905e-05,345891.5929283963,44.82239899899442,60574819,549.4383509498339,1.9999940592326266,1860,2293,44.822327099867074
0,14873521,0.14519239369679138,2.6423641610489064,0.02385359363252495,7178.358402846898,0.0009999999673143193,7.189912734872905e-05,345891.5929283963,44.82239899899442,60574819,549.4383509498339,1.9999940592326266,1860,2293,44.822327099867074
0,23950266,0.11828486270751032,2.6423641610489064,0.02385359363252495,7178.358402846898,0.0009999999673143193,7.189912734872905e-05,345891.5929283963,44.82239899899442,60574819,549.4383509498339,1.9999940592326266,1860,2293,44.822327099867074
0,38566204,0.09284393578343453,2.6423641610489064,0.02385359363252495,7178.358402846898,0.0009999999673143193,7.189912734872905e-05,345891.5929283963,44.82239899899442,60574819,549.4383509498339,1.9999940592326266,1860,2293,44.822327099867074
0,62101694,0.07306519651771176,2.6423641610489064,0.02385359363252495,7178.358402846898,0.0009999999673143193,7.189912734872905e-05,345891.5929283963,44.82239899899442,60574819,549.4383509498339,1.9999940592326266,1860,2293,44.822327099867074
0,100000000,0.04949473990732225,2.6423641610489064,0.02385359363252495,7178.358402846898,0.0009999999673143193,7.189912734872905e-05,345891.5929283963,44.82239899899442,60574819,549.4383509498339,1.9999940592326266,1860,2293,44.822327099867074
1,100,44.69895553097214,2.2278050190268717,0.025178889379360123,5976.111272444375,0.0009999999717778044,3.596421960594398e-05,341545.2150921973,20.577754301869653,47124945,460.3180369309317,1.9999921472342599,1553,1911,20.577718337650047
1,161,36.09711732814345,2.2278050190268717,0.025178889379360123,5976.111272444375,0.0009999999717778044,3.596421960594398e-05,341545.2150921973,20.577754301869653,47124945,460.3180369309317,1.9999921472342599,1553,1911,20.577718337650047
1,259,28.758818344883984,2.2278050190268717,0.025178889379360123,5976.111272444375,0.0009999999717778044,3.596421960594398e-05,341545.2150921973,20.577754301869653,47124945,460.3180369309317,1.9999921472342599,1553,1911,20.577718337650047
1,417,21.042696585655612,2.2278050190268717,0.025178889379360123,5976.111272444375,0.0009999999717778044,3.596421960594398e-05,341545.2150921973,20.577754301869653,47124945,460.3180369309317,1.9999921472342599,1553,1911,20.577718337650047
1,672,16.66076669582716,2.2278050190268717,0.025178889379360123,5976.111272444375,0.0009999999717778044,3.596421960594398e-05,341545.2150921973,20.577754301869653,47124945,460.3180369309317,1.9999921472342599,1553,1911,20.577718337650047
1,1082,15.134146559503739,2.2278050190268717,0.025178889379360123,5976.111272444375,0.0009999999717778044,3.596421960594398e-05,341545.2150921973,20.577754301869653,47124945,460.3180369309317,1.9999921472342599,1553,1911,20.577718337650047
1,1743,10.101413168965749,2.2278050190268717,0.025178889379360123,5976.111272444375,0.0009999999717778044,3.596421960594398e-05,341545.2150921973,20.577754301869653,47124945,460.3180369309317,1.9999921472342599,1553,1911,20.577718337650047
1,2807,6.182469398923819,2.2278050190268717,0.025178889379360123,5976.111272444375,0.0009999999717778044,3.596421960594398e-05,341545.2150921973,20.577754301869653,47124945,460.3180369309317,1.9999921472342599,1553,1911,20.577718337650047
1,4520,4.5902500002599815,2.2278050190268717,0.025178889379360123,5976.111272444375,0.0009999999717778044,3.596421960594398e-05,341545.2150921973,20.577754301869653,47124945,460.3180369309317,1.9999921472342599,1553,1911,20.577718337650047
1,7278,4.501458683510817,2.2278050190268717,0.025178889379360123,5976.111272444375,0.0009999999717778044,3.596421960594398e-05,341545.2150921973,20.577754301869653,47124945,460.3180369309317,1.9999921472342599,1553,1911,20.577718337650047
1,11721,5.049853406491694,2.2278050190268717,0.025178889379360123,5976.111272444375,0.0009999999717778044,3.596421960594398e-05,341545.2150921973,20.577754301869653,47124945,460.3180369309317,1.9999921472342599,1553,1911,20.577718337650047
1,18873,3.632113802204247,2.2278050190268717,0.025178889379360123,5976.111272444375,0.0009999999717778044,3.596421960594398e-05,341545.2150921973,20.577754301869653,47124945,460.3180369309317,1.9999921472342599,1553,1911,20.577718337650047
1,30391,3.0544254753866897,2.2278050190268717,0.025178889379360123,5976.111272444375,0.0009999999717778044,3.596421960594398e-05,341545.2150921973,20.577754301869653,47124945,460.3180369309317,1.9999921472342599,1553,1911,20.577718337650047
1,48939,2.040929939597267,2.2278050190268717,0.025178889379360123,5976.111272444375,0.0009999999717778044,3.596421960594398e-05,341545.2150921973,20.577754301869653,47124945,460.3180369309317,1.9999921472342599,1553,1911,20.577718337650047
1,78804,2.0025825760193583,2.2278050190268717,0.025178889379360123,5976.111272444375,0.0009999999717778044,3.596421960594398e-05,341545.2150921973,20.577754301869653,47124945,460.3180369309317,1.9999921472342599,1553,1911,20.577718337650047
1,126896,1.3064290832826984,2.2278050190268717,0.025178889379360123,5976.111272444375,0.0009999999717778044,3.596421960594398e-05,341545.2150921973,20.577754301869653,47124945,460.3180369309317,1.9999921472342599,1553,1911,20.577718337650047
1,204335,1.0107464189791098,2.2278050190268717,0.025178889379360123,5976.111272444375,0.0009999999717778044,3.596421960594398e-05,341545.2150921973,20.577754301869653,47124945,460.3180369309317,1.9999921472342599,1553,1911,20.577718337650047
1,329034,0.66925870550512,2.2278050190268717,0.025178889379360123,5976.111272444375,0.0009999999717778044,3.596421960594398e-05,341545.2150921973,20.577754301869653,47124945,460.3180369309317,1.9999921472342599,1553,1911,20.577718337650047
1,529831,0.6616742694660257,2.2278050190268717,0.025178889379360123,5976.111272444375,0.0009999999717778044,3.596421960594398e-05,341545.2150921973,20.577754301869653,47124945,460.3180369309317,1.9999921472342599,1553,1911,20.577718337650047
1,853167,0.5528314387918174,2.2278050190268717,0.025178889379360123,5976.111272444375,0.0009999999717778044,3.596421960594398e-05,341545.2150921973,20.577754301869653,47124945,460.3180369309317,1.9999921472342599,1553,1911,20.577718337650047
1,1373823,0.39771586090774574,2.2278050190268717,0.025178889379360123,5976.111272444375,0.0009999999717778044,3.596421960594398e-05,341545.2150921973,20.577754301869653,47124945,460.3180369309317,1.9999921472342599,1553,1911,20.577718337650047
1,2212216,0.29330821478159297,2.2278050190268717,0.025178889379360123,5976.111272444375,0.0009999999717778044,3.596421960594398e-05,341545.2150921973,20.577754301869653,47124945,460.3180369309317,1.9999921472342599,1553,1911,20.577718337650047
1,3562247,0.24458824556148653,2.2278050190268717,0.025178889379360123,5976.111272444375,0.0009999999717778044,3.596421960594398e-05,341545.2150921973,20.577754301869653,47124945,460.3180369309317,1.9999921472342599,1553,1911,20.577718337650047
1,5736152,0.20259597564810336,2.2278050190268717,0.025178889379360123,5976.111272444375,0.0009999999717778044,3.596421960594398e-05,341545.2150921973,20.577754301869653,47124945,460.3180369309317,1.9999921472342599,1553,1911,20.577718337650047
1,9236708,0.16010770561355442,2.2278050190268717,0.025178889379360123,5976.111272444375,0.0009999999717778044,3.596421960594398e-05,341545.2150921973,20.577754301869653,47124945,460.3180369309317,1.9999921472342599,1553,1911,20.577718337650047
1,14873521,0.11292678535694461,2.2278050190268717,0.025178889379360123,5976.111272444375,0.0009999999717778044,3.596421960594398e-05,341545.2150921973,20.577754301869653,47124945,460.3180369309317,1.9999921472342599,1553,1911,20.577718337650047
1,23950266,0.09300755717341652,2.2278050190268717,0.025178889379360123,5976.111272444375,0.0009999999717778044,3.596421960594398e-05,341545.2150921973,20.577754301869653,47124945,460.3180369309317,1.9999921472342599,1553,1911,20.577718337650047
1,38566204,0.059477575483926584,2.2278050190268717,0.025178889379360123,5976.111272444375,0.0009999999717778044,3.596421960594398e-05,341545.2150921973,20.577754301869653,47124945,460.3180369309317,1.9999921472342599,1553,1911,20.577718337650047
1,62101694,0.06052342973431124,2.2278050190268717,0.025178889379360123,5976.111272444375,0.0009999999717778044,3.596421960594398e-05,341545.2150921973,20.577754301869653,47124945,460.3180369309317,1.9999921472342599,1553,1911,20.577718337650047
1,100000000,0.050077001374502814,2.2278050190268717,0.025178889379360123,5976.111272444375,0.0009999999717778044,3.596421960594398e-05,341545.2150921973,20.577754301869653,47124945,460.3180369309317,1.9999921472342599,1553,1911,20.577718337650047
2,100,45.83427456968644,2.5764833568370262,0.026071959534932652,6986.373298619819,0.0009999999926749924,7.152225943940493e-05,345250.44184471545,44.13474106479128,60777185,535.2413164385765,1.999999259774193,1811,2232,44.13466954253184
2,161,34.56966915438218,2.5764833568370262,0.026071959534932652,6986.373298619819,0.0009999999926749924,7.152225943940493e-05,345250.44184471545,44.13474106479128,60777185,535.2413164385765,1.999999259774193,1811,2232,44.13466954253184
2,259,29.980767974233096,2.5764833568370262,0.026071959534932652,6986.373298619819,0.0009999999926749924,7.152225943940493e-05,345250.44184471545,44.13474106479128,60777185,535.2413164385765,1.999999259774193,1811,2232,44.13466954253184
2,417,20.005093814816817,2.5764833568370262,0.026071959534932652,6986.373298619819,0.0009999999926749924,7.152225943940493e-05,345250.44184471545,44.13474106479128,60777185,535.2413164385765,1.999999259774193,1811,2232,44.13466954253184
2,672,16.28252536708809,2.5764833568370262,0.026071959534932652,6986.373298619819,0.0009999999926749924,7.152225943940493e-05,345250.44184471545,44.13474106479128,60777185,535.2413164385765,1.999999259774193,1811,2232,44.13466954253184
2,1082,13.476932589958796,2.5764833568370262,0.026071959534932652,6986.373298619819,0.0009999999926749924,7.152225943940493e-05,345250.44184471545,44.13474106479128,60777185,535.2413164385765,1.999999259774193,1811,2232,44.13466954253184
2,1743,9.55223466740238,2.5764833568370262,0.026071959534932652,6986.373298619819,0.0009999999926749924,7.152225943940493e-05,345250.44184471545,44.13474106479128,60777185,535.2413164385765,1.999999259774193,1811,2232,44.13466954253184
2,2807,5.495813733426201,2.5764833568370262,0.026071959534932652,6986.373298619819,0.0009999999926749924,7.152225943940493e-05,345250.44184471545,44.13474106479128,60777185,535.2413164385765,1.999999259774193,1811,2232,44.13466954253184
2,4520,3.741321795948119,2.5764833568370262,0.026071959534932652,6986.373298619819,0.0009999999926749924,7.152225943940493e-05,345250.44184471545,44.13474106479128,60777185,535.2413164385765,1.999999259774193,1811,2232,44.13466954253184
2,7278,4.17011331981943,2.5764833568370262,0.026071959534932652,6986.373298619819,0.0009999999926749924,7.152225943940493e-05,345250.44184471545,44.13474106479128,60777185,535.2413164385765,1.999999259774193,1811,2232,44.13466954253184
2,11721,4.032819782494814,2.5764833568370262,0.026071959534932652,6986.373298619819,0.0009999999926749924,7.152225943940493e-05,345250.44184471545,44.13474106479128,60777185,535.2413164385765,1.999999259774193,1811,2232,44.13466954253184
2,18873,3.4793699496204993,2.5764833568370262,0.026071959534932652,6986.373298619819,0.0009999999926749924,7.152225943940493e-05,345250.44184471545,44.13474106479128,60777185,535.2413164385765,1.999999259774193,1811,2232,44.13466954253184
2,30391,2.4857773437795654,2.5764833568370262,0.026071959534932652,6986.373298619819,0.0009999999926749924,7.152225943940493e-05,345250.44184471545,44.13474106479128,60777185,535.2413164385765,1.999999259774193,1811,2232,44.13466954253184
2,48939,2.046280118449991,2.5764833568370262,0.026071959534932652,6986.373298619819,0.0009999999926749924,7.152225943940493e-05,345250.44184471545,44.13474106479128,60777185,535.2413164385765,1.999999259774193,1811,2232,44.13466954253184
2,78804,1.5221843528659063,2.5764833568370262,0.026071959534932652,6986.373298619819,0.0009999999926749924,7.152225943940493e-05,345250.44184471545,44.13474106479128,60777185,535.2413164385765,1.999999259774193,1811,2232,44.13466954253184
2,126896,1.2369730838575563,2.5764833568370262,0.026071959534932652,6986.373298619819,0.0009999999926749924,7.152225943940493e-05,345250.44184471545,44.13474106479128,60777185,535.2413164385765,1.999999259774193,1811,2232,44.13466954253184
2,204335,1.1353562038268523,2.5764833568370262,0.026071959534932652,6986.373298619819,0.0009999999926749924,7.152225943940493e-05,345250.44184471545,44.13474106479128,60777185,535.2413164385765,1.999999259774193,1811,2232,44.13466954253184
2,329034,0.8372842777324696,2.5764833568370262,0.026071959534932652,6986.373298619819,0.0009999999926749924,7.152225943940493e-05,345250.44184471545,44.13474106479128,60777185,535.2413164385765,1.999999259774193,1811,2232,44.13466954253184
2,529831,0.554742824119347,2.5764833568370262,0.026071959534932652,6986.373298619819,0.0009999999926749924,7.152225943940493e-05,345250.44184471545,44.13474106479128,60777185,535.2413164385765,1.999999259774193,1811,2232,44.13466954253184
2,853167,0.4612656280890423,2.5764833568370262,0.026071959534932652,6986.373298619819,0.0009999999926749924,7.152225943940493e-05,345250.44184471545,44.13474106479128,60777185,535.2413164385765,1.999999259774193,1811,2232,44.13466954253184
2,1373823,0.47951810659070604,2.5764833568370262,0.026071959534932652,6986.373298619819,0.0009999999926749924,7.152225943940493e-05,345250.44184471545,44.13474106479128,60777185,535.2413164385765,1.999999259774193,1811,2232,44.13466954253184
2,2212216,0.37474457277500056,2.5764833568370262,0.026071959534932652,6986.373298619819,0.0009999999926749924,7.152225943940493e-05,345250.44184471545,44.13474106479128,60777185,535.2413164385765,1.999999259774193,1811,2232,44.13466954253184
2,3562247,0.253474120078481,2.5764833568370262,0.026071959534932652,6986.373298619819,0.0009999999926749924,7.152225943940493e-05,345250.44184471545,44.13474106479128,60777185,535.2413164385765,1.999999259774193,1811,2232,44.13466954253184
2,5736152,0.2065597380740883,2.5764833568370262,0.026071959534932652,6986.373298619819,0.0009999999926749924,7.152225943940493e-05,345250.44184471545,44.13474106479128,60777185,535.2413164385765,1.999999259774193,1811,2232,44.13466954253184
2,9236708,0.16481990988883488,2.5764833568370262,0.026071959534932652,6986.373298619819,0.0009999999926749924,7.152225943940493e-05,345250.44184471545,44.13474106479128,60777185,535.2413164385765,1.999999259774193,1811,2232,44.13466954253184
2,14873521,0.14138710594157194,2.5764833568370262,0.026071959534932652,6986.373298619819,0.0009999999926749924,7.152225943940493e-05,345250.44184471545,44.13474106479128,60777185,535.2413164385765,1.999999259774193,1811,2232,44.13466954253184
2,23950266,0.11538799489010304,2.5764833568370262,0.026071959534932652,6986.373298619819,0.0009999999926749924,7.152225943940493e-05,345250.44184471545,44.13474106479128,60777185,535.2413164385765,1.999999259774193,1811,2232,44.13466954253184
2,38566204,0.07294747802173503,2.5764833568370262,0.026071959534932652,6986.373298619819,0.0009999999926749924,7.152225943940493e-05,345250.44184471545,44.13474106479128,60777185,535.2413164385765,1.999999259774193,1811,2232,44.13466954253184
2,62101694,0.04781843663493131,2.5764833568370262,0.026071959534932652,6986.373298619819,0.0009999999926749924,7.152225943940493e-05,345250.44184471545,44.13474106479128,60777185,535.2413164385765,1.999999259774193,1811,2232,44.13466954253184
2,100000000,0.046641305168623304,2.5764833568370262,0.026071959534932652,6986.373298619819,0.0009999999926749924,7.152225943940493e-05,345250.44184471545,44.13474106479128,60777185,535.2413164385765,1.999999259774193,1811,2232,44.13466954253184
3,100,30.72203993460945,2.01548927566994,0.02421651745710294,5366.199780377279,0.0009999999977085856,7.646514475112554e-05,338994.3281812663,40.415641487836716,39250637,414.89072887450357,1.9999907155152454,1397,1717,40.415565022691965
3,161,32.38434683987297,2.01548927566994,0.02421651745710294,5366.199780377279,0.0009999999977085856,7.646514475112554e-05,338994.3281812663,40.415641487836716,39250637,414.89072887450357,1.9999907155152454,1397,1717,40.415565022691965
3,259,26.571854183282294,2.01548927566994,0.02421651745710294,5366.199780377279,0.0009999999977085856,7.646514475112554e-05,338994.3281812663,40.415641487836716,39250637,414.89072887450357,1.9999907155152454,1397,1717,40.415565022691965
3,417,24.45618661778737,2.01548927566994,0.02421651745710294,5366.199780377279,0.0009999999977085856,7.646514475112554e-05,338994.3281812663,40.415641487836716,39250637,414.89072887450357,1.9999907155152454,1397,1717,40.415565022691965
3,672,17.08346961306218,2.01548927566994,0.02421651745710294,5366.199780377279,0.0009999999977085856,7.646514475112554e-05,338994.3281812663,40.415641487836716,39250637,414.89072887450357,1.9999907155152454,1397,1717,40.415565022691965
3,1082,12.03489388250052,2.01548927566994,0.02421651745710294,5366.199780377279,0.0009999999977085856,7.646514475112554e-05,338994.3281812663,40.415641487836716,39250637,414.89072887450357,1.9999907155152454,1397,1717,40.415565022691965
3,1743,9.27727309041909,2.01548927566994,0.02421651745710294,5366.199780377279,0.0009999999977085856,7.646514475112554e-05,338994.3281812663,40.415641487836716,39250637,414.89072887450357,1.9999907155152454,1397,1717,40.415565022691965
3,2807,7.8001106987170195,2.01548927566994,0.02421651745710294,5366.199780377279,0.0009999999977085856,7.646514475112554e-05,338994.3281812663,40.415641487836716,39250637,414.89072887450357,1.9999907155152454,1397,1717,40.415565022691965
3,4520,6.318620388094759,2.01548927566994,0.02421651745710294,5366.199780377279,0.0009999999977085856,7.646514475112554e-05,338994.3281812663,40.415641487836716,39250637,414.89072887450357,1.9999907155152454,1397,1717,40.415565022691965
3,7278,6.154301679686483,2.01548927566994,0.02421651745710294,5366.199780377279,0.0009999999977085856,7.646514475112554e-05,338994.3281812663,40.415641487836716,39250637,414.89072887450357,1.9999907155152454,1397,1717,40.415565022691965
3,11721,4.206452638847432,2.01548927566994,0.02421651745710294,5366.199780377279,0.0009999999977085856,7.646514475112554e-05,338994.3281812663,40.415641487836716,39250637,414.89072887450357,1.9999907155152454,1397,1717,40.415565022691965
3,18873,3.2869205737624805,2.01548927566994,0.02421651745710294,5366.199780377279,0.0009999999977085856,7.646514475112554e-05,338994.3281812663,40.415641487836716,39250637,414.89072887450357,1.9999907155152454,1397,1717,40.415565022691965
3,30391,2.584482473068886,2.01548927566994,0.02421651745710294,5366.199780377279,0.0009999999977085856,7.646514475112554e-05,338994.3281812663,40.415641487836716,39250637,414.89072887450357,1.9999907155152454,1397,1717,40.415565022691965
3,48939,2.1855808157739007,2.01548927566994,0.02421651745710294,5366.199780377279,0.0009999999977085856,7.646514475112554e-05,338994.3281812663,40.415641487836716,39250637,414.89072887450357,1.9999907155152454,1397,1717,40.415565022691965
3,78804,1.5232760298204644,2.01548927566994,0.02421651745710294,5366.199780377279,0.0009999999977085856,7.646514475112554e-05,338994.3281812663,40.415641487836716,39250637,414.89072887450357,1.9999907155152454,1397,1717,40.415565022691965
3,126896,1.259414082627905,2.01548927566994,0.02421651745710294,5366.199780377279,0.0009999999977085856,7.646514475112554e-05,338994.3281812663,40.415641487836716,39250637,414.89072887450357,1.9999907155152454,1397,1717,40.415565022691965
3,204335,1.0622586615201997,2.01548927566994,0.02421651745710294,5366.199780377279,0.0009999999977085856,7.646514475112554e-05,338994.3281812663,40.415641487836716,39250637,414.89072887450357,1.9999907155152454,1397,1717,40.415565022691965
3,329034,0.7119315813286472,2.01548927566994,0.02421651745710294,5366.199780377279,0.0009999999977085856,7.646514475112554e-05,338994.3281812663,40.415641487836716,39250637,414.89072887450357,1.9999907155152454,1397,1717,40.415565022691965
3,529831,0.5956432692924372,2.01548927566994,0.02421651745710294,5366.199780377279,0.0009999999977085856,7.646514475112554e-05,338994.3281812663,40.415641487836716,39250637,414.89072887450357,1.9999907155152454,1397,1717,40.415565022691965
3,853167,0.5156171530973642,2.01548927566994,0.02421651745710294,5366.199780377279,0.0009999999977085856,7.646514475112554e-05,338994.3281812663,40.415641487836716,39250637,414.89072887450357,1.9999907155152454,1397,1717,40.415565022691965
3,1373823,0.4193803963903689,2.01548927566994,0.02421651745710294,5366.199780377279,0.0009999999977085856,7.646514475112554e-05,338994.3281812663,40.415641487836716,39250637,414.89072887450357,1.9999907155152454,1397,1717,40.415565022691965
3,2212216,0.2911992453588943,2.01548927566994,0.02421651745710294,5366.199780377279,0.0009999999977085856,7.646514475112554e-05,338994.3281812663,40.415641487836716,39250637,414.89072887450357,1.9999907155152454,1397,1717,40.415565022691965
3,3562247,0.22362981275853405,2.01548927566994,0.02421651745710294,5366.199780377279,0.0009999999977085856,7.646514475112554e-05,338994.3281812663,40.415641487836716,39250637,414.89072887450357,1.9999907155152454,1397,1717,40.415565022691965
3,5736152,0.19154309001880027,2.01548927566994,0.02421651745710294,5366.199780377279,0.0009999999977085856,7.646514475112554e-05,338994.3281812663,40.415641487836716,39250637,414.89072887450357,1.9999907155152454,1397,1717,40.415565022691965
3,9236708,0.12991534928219994,2.01548927566994,0.02421651745710294,5366.199780377279,0.0009999999977085856,7.646514475112554e-05,338994.3281812663,40.415641487836716,39250637,414.89072887450357,1.9999907155152454,1397,1717,40.415565022691965
3,14873521,0.10610745941634796,2.01548927566994,0.02421651745710294,5366.199780377279,0.0009999999977085856,7.646514475112554e-05,338994.3281812663,40.415641487836716,39250637,414.89072887450357,1.9999907155152454,1397,1717,40.415565022691965
3,23950266,0.09961920693773944,2.01548927566994,0.02421651745710294,5366.199780377279,0.0009999999977085856,7.646514475112554e-05,338994.3281812663,40.415641487836716,39250637,414.89072887450357,1.9999907155152454,1397,1717,40.415565022691965
3,38566204,0.07015191338604074,2.01548927566994,0.02421651745710294,5366.199780377279,0.0009999999977085856,7.646514475112554e-05,338994.3281812663,40.415641487836716,39250637,414.89072887450357,1.9999907155152454,1397,1717,40.415565022691965
3,62101694,0.06762857552873318,2.01548927566994,0.02421651745710294,5366.199780377279,0.0009999999977085856,7.646514475112554e-05,338994.3281812663,40.415641487836716,39250637,414.89072887450357,1.9999907155152454,1397,1717,40.415565022691965
3,100000000,0.05978237806280494,2.01548927566994,0.02421651745710294,5366.199780377279,0.0009999999977085856,7.646514475112554e-05,338994.3281812663,40.415641487836716,39250637,414.89072887450357,1.9999907155152454,1397,1717,40.415565022691965
4,100,52.81579720719549,2.392599888395919,0.02701205038766086,6452.324306792061,0.0009999999640823668,1.624091878937861e-05,343364.9435421113,8.777657428212668,54832059,495.6820575099053,1.9999993662007973,1675,2062,8.777641187293879
4,161,42.48258626006987,2.392599888395919,0.02701205038766086,6452.324306792061,0.0009999999640823668,1.624091878937861e-05,343364.9435421113,8.777657428212668,54832059,495.6820575099053,1.9999993662007973,1675,2062,8.777641187293879
4,259,31.42761303094774,2.392599888395919,0.02701205038766086,6452.324306792061,0.0009999999640823668,1.624091878937861e-05,343364.9435421113,8.777657428212668,54832059,495.6820575099053,1.9999993662007973,1675,2062,8.777641187293879
4,417,29.047948632032693,2.392599888395919,0.02701205038766086,6452.324306792061,0.0009999999640823668,1.624091878937861e-05,343364.9435421113,8.777657428212668,54832059,495.6820575099053,1.9999993662007973,1675,2062,8.777641187293879
4,672,19.60711118141103,2.392599888395919,0.02701205038766086,6452.324306792061,0.0009999999640823668,1.624091878937861e-05,343364.9435421113,8.777657428212668,54832059,495.6820575099053,1.9999993662007973,1675,2062,8.777641187293879
4,1082,14.383319286005468,2.392599888395919,0.02701205038766086,6452.324306792061,0.0009999999640823668,1.624091878937861e-05,343364.9435421113,8.777657428212668,54832059,495.6820575099053,1.9999993662007973,1675,2062,8.777641187293879
4,1743,10.767608028406956,2.392599888395919,0.02701205038766086,6452.324306792061,0.0009999999640823668,1.624091878937861e-05,343364.9435421113,8.777657428212668,54832059,495.6820575099053,1.9999993662007973,1675,2062,8.777641187293879
4,2807,10.009598208410308,2.392599888395919,0.02701205038766086,6452.324306792061,0.0009999999640823668,1.624091878937861e-05,343364.9435421113,8.777657428212668,54832059,495.6820575099053,1.9999993662007973,1675,2062,8.777641187293879
4,4520,6.82853859289239,2.392599888395919,0.02701205038766086,6452.324306792061,0.0009999999640823668,1.624091878937861e-05,343364.9435421113,8.777657428212668,54832059,495.6820575099053,1.9999993662007973,1675,2062,8.777641187293879
4,7278,4.309472257631033,2.392599888395919,0.02701205038766086,6452.324306792061,0.0009999999640823668,1.624091878937861e-05,343364.9435421113,8.777657428212668,54832059,495.6820575099053,1.9999993662007973,1675,2062,8.777641187293879
4,11721,3.5200551703791305,2.392599888395919,0.02701205038766086,6452.324306792061,0.0009999999640823668,1.624091878937861e-05,343364.9435421113,8.777657428212668,54832059,495.6820575099053,1.9999993662007973,1675,2062,8.777641187293879
4,18873,2.4741261766419673,2.392599888395919,0.02701205038766086,6452.324306792061,0.0009999999640823668,1.624091878937861e-05,343364.9435421113,8.777657428212668,54832059,495.6820575099053,1.9999993662007973,1675,2062,8.777641187293879
4,30391,2.2343040098255025,2.392599888395919,0.02701205038766086,6452.324306792061,0.0009999999640823668,1.624091878937861e-05,343364.9435421113,8.777657428212668,54832059,495.6820575099053,1.9999993662007973,1675,2062,8.777641187293879
4,48939,1.927628960352573,2.392599888395919,0.02701205038766086,6452.324306792061,0.0009999999640823668,1.624091878937861e-05,343364.9435421113,8.777657428212668,54832059,495.6820575099053,1.9999993662007973,1675,2062,8.777641187293879
4,78804,1.6011912715473022,2.392599888395919,0.02701205038766086,6452.324306792061,0.0009999999640823668,1.624091878937861e-05,343364.9435421113,8.777657428212668,54832059,495.6820575099053,1.9999993662007973,1675,2062,8.777641187293879
4,126896,1.3239131244059184,2.392599888395919,0.02701205038766086,6452.324306792061,0.0009999999640823668,1.624091878937861e-05,343364.9435421113,8.777657428212668,54832059,495.6820575099053,1.9999993662007973,1675,2062,8.777641187293879
4,204335,1.050397054215456,2.392599888395919,0.02701205038766086,6452.324306792061,0.0009999999640823668,1.624091878937861e-05,343364.9435421113,8.777657428212668,54832059,495.6820575099053,1.9999993662007973,1675,2062,8.777641187293879
4,329034,0.9752895659679746,2.392599888395919,0.02701205038766086,6452.324306792061,0.0009999999640823668,1.624091878937861e-05,343364.9435421113,8.777657428212668,54832059,495.6820575099053,1.9999993662007973,1675,2062,8.777641187293879
4,529831,0.6388372064930186,2.392599888395919,0.02701205038766086,6452.324306792061,0.0009999999640823668,1.624091878937861e-05,343364.9435421113,8.777657428212668,54832059,495.6820575099053,1.9999993662007973,1675,2062,8.777641187293879
4,853167,0.4942475356151634,2.392599888395919,0.02701205038766086,6452.324306792061,0.0009999999640823668,1.624091878937861e-05,343364.9435421113,8.777657428212668,54832059,495.6820575099053,1.9999993662007973,1675,2062,8.777641187293879
4,1373823,0.3170994494375108,2.392599888395919,0.02701205038766086,6452.324306792061,0.0009999999640823668,1.624091878937861e-05,343364.9435421113,8.777657428212668,54832059,495.6820575099053,1.9999993662007973,1675,2062,8.777641187293879
4,2212216,0.29355370320501106,2.392599888395919,0.02701205038766086,6452.324306792061,0.0009999999640823668,1.624091878937861e-05,343364.9435421113,8.777657428212668,54832059,495.6820575099053,1.9999993662007973,1675,2062,8.777641187293879
4,3562247,0.2666034949740578,2.392599888395919,0.02701205038766086,6452.324306792061,0.0009999999640823668,1.624091878937861e-05,343364.9435421113,8.777657428212668,54832059,495.6820575099053,1.9999993662007973,1675,2062,8.777641187293879
4,5736152,0.1851882856454756,2.392599888395919,0.02701205038766086,6452.324306792061,0.0009999999640823668,1.624091878937861e-05,343364.9435421113,8.777657428212668,54832059,495.6820575099053,1.9999993662007973,1675,2062,8.777641187293879
4,9236708,0.11945271646352687,2.392599888395919,0.02701205038766086,6452.324306792061,0.0009999999640823668,1.624091878937861e-05,343364.9435421113,8.777657428212668,54832059,495.6820575099053,1.9999993662007973,1675,2062,8.777641187293879
4,14873521,0.09627622951168437,2.392599888395919,0.02701205038766086,6452.324306792061,0.0009999999640823668,1.624091878937861e-05,343364.9435421113,8.777657428212668,54832059,495.6820575099053,1.9999993662007973,1675,2062,8.777641187293879
4,23950266,0.05654391764459193,2.392599888395919,0.02701205038766086,6452.324306792061,0.0009999999640823668,1.624091878937861e-05,343364.9435421113,8.777657428212668,54832059,495.6820575099053,1.9999993662007973,1675,2062,8.777641187293879
4,38566204,0.060255568241833174,2.392599888395919,0.02701205038766086,6452.324306792061,0.0009999999640823668,1.624091878937861e-05,343364.9435421113,8.777657428212668,54832059,495.6820575099053,1.9999993662007973,1675,2062,8.777641187293879
4,62101694,0.061812741924055024,2.392599888395919,0.02701205038766086,6452.324306792061,0.0009999999640823668,1.624091878937861e-05,343364.9435421113,8.777657428212668,54832059,495.6820575099053,1.9999993662007973,1675,2062,8.777641187293879
4,100000000,0.051444115799786694,2.392599888395919,0.02701205038766086,6452.324306792061,0.0009999999640823668,1.624091878937861e-05,343364.9435421113,8.777657428212668,54832059,495.6820575099053,1.9999993662007973,1675,2062,8.777641187293879
5,100,54.621599697456745,2.4218197617437696,0.028921407887957346,6537.003499416052,0.0009999999981637963,9.098278193420128e-05,343671.91649434465,53.966882791822464,57870376,501.9614138418195,1.9999931552048968,1696,2089,53.96679180904053
5,161,46.63169669653581,2.4218197617437696,0.028921407887957346,6537.003499416052,0.0009999999981637963,9.098278193420128e-05,343671.91649434465,53.966882791822464,57870376,501.9614138418195,1.9999931552048968,1696,2089,53.96679180904053
5,259,33.12234725188662,2.4218197617437696,0.028921407887957346,6537.003499416052,0.0009999999981637963,9.098278193420128e-05,343671.91649434465,53.966882791822464,57870376,501.9614138418195,1.9999931552048968,1696,2089,53.96679180904053
5,417,22.35809497223777,2.4218197617437696,0.028921407887957346,6537.003499416052,0.0009999999981637963,9.098278193420128e-05,343671.91649434465,53.966882791822464,57870376,501.9614138418195,1.9999931552048968,1696,2089,53.96679180904053
5,672,14.616058306469217,2.4218197617437696,0.028921407887957346,6537.003499416052,0.0009999999981637963,9.098278193420128e-05,343671.91649434465,53.966882791822464,57870376,501.9614138418195,1.9999931552048968,1696,2089,53.96679180904053
5,1082,15.332576884450736,2.4218197617437696,0.028921407887957346,6537.003499416052,0.0009999999981637963,9.098278193420128e-05,343671.91649434465,53.966882791822464,57870376,501.9614138418195,1.9999931552048968,1696,2089,53.96679180904053
5,1743,14.40436162125136,2.4218197617437696,0.028921407887957346,6537.003499416052,0.0009999999981637963,9.098278193420128e-05,343671.91649434465,53.966882791822464,57870376,501.9614138418195,1.9999931552048968,1696,2089,53.96679180904053
5,2807,11.062566140572297,2.4218197617437696,0.028921407887957346,6537.003499416052,0.0009999999981637963,9.098278193420128e-05,343671.91649434465,53.966882791822464,57870376,501.9614138418195,1.9999931552048968,1696,2089,53.96679180904053
5,4520,7.744283789116809,2.4218197617437696,0.028921407887957346,6537.003499416052,0.0009999999981637963,9.098278193420128e-05,343671.91649434465,53.966882791822464,57870376,501.9614138418195,1.9999931552048968,1696,2089,53.96679180904053
5,7278,5.739891495737646,2.4218197617437696,0.028921407887957346,6537.003499416052,0.0009999999981637963,9.098278193420128e-05,343671.91649434465,53.966882791822464,57870376,501.9614138418195,1.9999931552048968,1696,2089,53.96679180904053
5,11721,4.030322137491697,2.4218197617437696,0.028921407887957346,6537.003499416052,0.0009999999981637963,9.098278193420128e-05,343671.91649434465,53.966882791822464,57870376,501.9614138418195,1.9999931552048968,1696,2089,53.96679180904053
5,18873,2.759746513603232,2.4218197617437696,0.028921407887957346,6537.003499416052,0.0009999999981637963,9.098278193420128e-05,343671.91649434465,53.966882791822464,57870376,501.9614138418195,1.9999931552048968,1696,2089,53.96679180904053
5,30391,2.253868234349041,2.4218197617437696,0.028921407887957346,6537.003499416052,0.0009999999981637963,9.098278193420128e-05,343671.91649434465,53.966882791822464,57870376,501.9614138418195,1.9999931552048968,1696,2089,53.96679180904053
5,48939,1.8955848986660089,2.4218197617437696,0.028921407887957346,6537.003499416052,0.0009999999981637963,9.098278193420128e-05,343671.91649434465,53.966882791822464,57870376,501.9614138418195,1.9999931552048968,1696,2089,53.96679180904053
5,78804,1.486646239105614,2.4218197617437696,0.028921407887957346,6537.003499416052,0.0009999999981637963,9.098278193420128e-05,343671.91649434465,53.966882791822464,57870376,501.9614138418195,1.9999931552048968,1696,2089,53.96679180904053
5,126896,1.0829930493254647,2.4218197617437696,0.028921407887957346,6537.003499416052,0.0009999999981637963,9.098278193420128e-05,343671.91649434465,53.966882791822464,57870376,501.9614138418195,1.9999931552048968,1696,2089,53.96679180904053
5,204335,1.135832956436963,2.4218197617437696,0.028921407887957346,6537.003499416052,0.0009999999981637963,9.098278193420128e-05,343671.91649434465,53.966882791822464,57870376,501.9614138418195,1.9999931552048968,1696,2089,53.96679180904053
5,329034,0.7538244669783507,2.4218197617437696,0.028921407887957346,6537.003499416052,0.0009999999981637963,9.098278193420128e-05,343671.91649434465,53.966882791822464,57870376,501.9614138418195,1.9999931552048968,1696,2089,53.96679180904053
5,529831,0.5293834704603095,2.4218197617437696,0.028921407887957346,6537.003499416052,0.0009999999981637963,9.098278193420128e-05,343671.91649434465,53.966882791822464,57870376,501.9614138418195,1.9999931552048968,1696,2089,53.96679180904053
5,853167,0.40888675602682606,2.4218197617437696,0.028921407887957346,6537.003499416052,0.0009999999981637963,9.098278193420128e-05,343671.91649434465,53.966882791822464,57870376,501.9614138418195,1.9999931552048968,1696,2089,53.96679180904053
5,1373823,0.32206173716926056,2.4218197617437696,0.028921407887957346,6537.003499416052,0.0009999999981637963,9.098278193420128e-05,343671.91649434465,53.966882791822464,57870376,501.9614138418195,1.9999931552048968,1696,2089,53.96679180904053
5,2212216,0.234653503741882,2.4218197617437696,0.028921407887957346,6537.003499416052,0.0009999999981637963,9.098278193420128e-05,343671.91649434465,53.966882791822464,57870376,501.9614138418195,1.9999931552048968,1696,2089,53.96679180904053
5,3562247,0.22862349131333246,2.4218197617437696,0.028921407887957346,6537.003499416052,0.0009999999981637963,9.098278193420128e-05,343671.91649434465,53.966882791822464,57870376,501.9614138418195,1.9999931552048968,1696,2089,53.96679180904053
5,5736152,0.1785035172849828,2.4218197617437696,0.028921407887957346,6537.003499416052,0.0009999999981637963,9.098278193420128e-05,343671.91649434465,53.966882791822464,57870376,501.9614138418195,1.9999931552048968,1696,2089,53.96679180904053
5,9236708,0.14448274003500014,2.4218197617437696,0.028921407887957346,6537.003499416052,0.0009999999981637963,9.098278193420128e-05,343671.91649434465,53.966882791822464,57870376,501.9614138418195,1.9999931552048968,1696,2089,53.96679180904053
5,14873521,0.1290190767015824,2.4218197617437696,0.028921407887957346,6537.003499416052,0.0009999999981637963,9.098278193420128e-05,343671.91649434465,53.966882791822464,57870376,501.9614138418195,1.9999931552048968,1696,2089,53.96679180904053
5,23950266,0.09423965494934794,2.4218197617437696,0.028921407887957346,6537.003499416052,0.0009999999981637963,9.098278193420128e-05,343671.91649434465,53.966882791822464,57870376,501.9614138418195,1.9999931552048968,1696,2089,53.96679180904053
5,38566204,0.08752347870799194,2.4218197617437696,0.028921407887957346,6537.003499416052,0.0009999999981637963,9.098278193420128e-05,343671.91649434465,53.966882791822464,57870376,501.9614138418195,1.9999931552048968,1696,2089,53.96679180904053
5,62101694,0.06288453799357176,2.4218197617437696,0.028921407887957346,6537.003499416052,0.0009999999981637963,9.098278193420128e-05,343671.91649434465,53.966882791822464,57870376,501.9614138418195,1.9999931552048968,1696,2089,53.96679180904053
5,100000000,0.038597249300852676,2.4218197617437696,0.028921407887957346,6537.003499416052,0.0009999999981637963,9.098278193420128e-05,343671.91649434465,53.966882791822464,57870376,501.9614138418195,1.9999931552048968,1696,2089,53.96679180904053
6,100,46.00994296738052,2.052351605378931,0.011248788153311956,5471.784472101842,0.0009999999953481892,5.401916003933138e-05,339458.90679086203,28.233586174982424,27554063,422.76637668420426,1.9999997061783215,1424,1750,28.233532155822385
6,161,33.596052086269985,2.052351605378931,0.011248788153311956,5471.784472101842,0.0009999999953481892,5.401916003933138e-05,339458.90679086203,28.233586174982424,27554063,422.76637668420426,1.9999997061783215,1424,1750,28.233532155822385
6,259,23.785543085775778,2.052351605378931,0.011248788153311956,5471.784472101842,0.0009999999953481892,5.401916003933138e-05,339458.90679086203,28.233586174982424,27554063,422.76637668420426,1.9999997061783215,1424,1750,28.233532155822385
6,417,18.030815846683424,2.052351605378931,0.011248788153311956,5471.784472101842,0.0009999999953481892,5.401916003933138e-05,339458.90679086203,28.233586174982424,27554063,422.76637668420426,1.9999997061783215,1424,1750,28.233532155822385
6,672,10.848220607668697,2.052351605378931,0.011248788153311956,5471.784472101842,0.0009999999953481892,5.401916003933138e-05,339458.90679086203,28.233586174982424,27554063,422.76637668420426,1.9999997061783215,1424,1750,28.233532155822385
6,1082,9.801709631321584,2.052351605378931,0.011248788153311956,5471.784472101842,0.0009999999953481892,5.401916003933138e-05,339458.90679086203,28.233586174982424,27554063,422.76637668420426,1.9999997061783215,1424,1750,28.233532155822385
6,1743,10.598543607674628,2.052351605378931,0.011248788153311956,5471.784472101842,0.0009999999953481892,5.401916003933138e-05,339458.90679086203,28.233586174982424,27554063,422.76637668420426,1.9999997061783215,1424,1750,28.233532155822385
6,2807,7.214157966009251,2.052351605378931,0.011248788153311956,5471.784472101842,0.0009999999953481892,5.401916003933138e-05,339458.90679086203,28.233586174982424,27554063,422.76637668420426,1.9999997061783215,1424,1750,28.233532155822385
6,4520,5.886364470465917,2.052351605378931,0.011248788153311956,5471.784472101842,0.0009999999953481892,5.401916003933138e-05,339458.90679086203,28.233586174982424,27554063,422.76637668420426,1.9999997061783215,1424,1750,28.233532155822385
6,7278,3.6897676946094573,2.052351605378931,0.011248788153311956,5471.784472101842,0.0009999999953481892,5.401916003933138e-05,339458.90679086203,28.233586174982424,27554063,422.76637668420426,1.9999997061783215,1424,1750,28.233532155822385
6,11721,3.849753844456298,2.052351605378931,0.011248788153311956,5471.784472101842,0.0009999999953481892,5.401916003933138e-05,339458.90679086203,28.233586174982424,27554063,422.76637668420426,1.9999997061783215,1424,1750,28.233532155822385
6,18873,2.7069084370365557,2.052351605378931,0.011248788153311956,5471.784472101842,0.0009999999953481892,5.401916003933138e-05,339458.90679086203,28.233586174982424,27554063,422.76637668420426,1.9999997061783215,1424,1750,28.233532155822385
6,30391,2.27377414488558,2.052351605378931,0.011248788153311956,5471.784472101842,0.0009999999953481892,5.401916003933138e-05,339458.90679086203,28.233586174982424,27554063,422.76637668420426,1.9999997061783215,1424,1750,28.233532155822385
6,48939,1.8265840242240985,2.052351605378931,0.011248788153311956,5471.784472101842,0.0009999999953481892,5.401916003933138e-05,339458.90679086203,28.233586174982424,27554063,422.76637668420426,1.9999997061783215,1424,1750,28.233532155822385
6,78804,1.424847640502203,2.052351605378931,0.011248788153311956,5471.784472101842,0.0009999999953481892,5.401916003933138e-05,339458.90679086203,28.233586174982424,27554063,422.76637668420426,1.9999997061783215,1424,1750,28.233532155822385
6,126896,0.8309181649990247,2.052351605378931,0.011248788153311956,5471.784472101842,0.0009999999953481892,5.401916003933138e-05,339458.90679086203,28.233586174982424,27554063,422.76637668420426,1.9999997061783215,1424,1750,28.233532155822385
6,204335,0.9417033565991922,2.052351605378931,0.011248788153311956,5471.784472101842,0.0009999999953481892,5.401916003933138e-05,339458.90679086203,28.233586174982424,27554063,422.76637668420426,1.9999997061783215,1424,1750,28.233532155822385
6,329034,0.6349535810006168,2.052351605378931,0.011248788153311956,5471.784472101842,0.0009999999953481892,5.401916003933138e-05,339458.90679086203,28.233586174982424,27554063,422.76637668420426,1.9999997061783215,1424,1750,28.233532155822385
6,529831,0.6725948161453144,2.052351605378931,0.011248788153311956,5471.784472101842,0.0009999999953481892,5.401916003933138e-05,339458.90679086203,28.233586174982424,27554063,422.76637668420426,1.9999997061783215,1424,1750,28.233532155822385
6,853167,0.42641912486235295,2.052351605378931,0.011248788153311956,5471.784472101842,0.0009999999953481892,5.401916003933138e-05,339458.90679086203,28.233586174982424,27554063,422.76637668420426,1.9999997061783215,1424,1750,28.233532155822385
6,1373823,0.3088428390513853,2.052351605378931,0.011248788153311956,5471.784472101842,0.0009999999953481892,5.401916003933138e-05,339458.90679086203,28.233586174982424,27554063,422.76637668420426,1.9999997061783215,1424,1750,28.233532155822385
6,2212216,0.2543258579015011,2.052351605378931,0.011248788153311956,5471.784472101842,0.0009999999953481892,5.401916003933138e-05,339458.90679086203,28.233586174982424,27554063,422.76637668420426,1.9999997061783215,1424,1750,28.233532155822385
6,3562247,0.24198779020052094,2.052351605378931,0.011248788153311956,5471.784472101842,0.0009999999953481892,5.401916003933138e-05,339458.90679086203,28.233586174982424,27554063,422.76637668420426,1.9999997061783215,1424,1750,28.233532155822385
6,5736152,0.20270634069456775,2.052351605378931,0.011248788153311956,5471.784472101842,0.0009999999953481892,5.401916003933138e-05,339458.90679086203,28.233586174982424,27554063,422.76637668420426,1.9999997061783215,1424,1750,28.233532155822385
6,9236708,0.11508188780123446,2.052351605378931,0.011248788153311956,5471.784472101842,0.0009999999953481892,5.401916003933138e-05,339458.90679086203,28.233586174982424,27554063,422.76637668420426,1.9999997061783215,1424,1750,28.233532155822385
6,14873521,0.10335550459221285,2.052351605378931,0.011248788153311956,5471.784472101842,0.0009999999953481892,5.401916003933138e-05,339458.90679086203,28.233586174982424,27554063,422.76637668420426,1.9999997061783215,1424,1750,28.233532155822385
6,23950266,0.09868192210851795,2.052351605378931,0.011248788153311956,5471.784472101842,0.0009999999953481892,5.401916003933138e-05,339458.90679086203,28.233586174982424,27554063,422.76637668420426,1.9999997061783215,1424,1750,28.233532155822385
6,38566204,0.08963402523684721,2.052351605378931,0.011248788153311956,5471.784472101842,0.0009999999953481892,5.401916003933138e-05,339458.90679086203,28.233586174982424,27554063,422.76637668420426,1.9999997061783215,1424,1750,28.233532155822385
6,62101694,0.06832797517389771,2.052351605378931,0.011248788153311956,5471.784472101842,0.0009999999953481892,5.401916003933138e-05,339458.90679086203,28.233586174982424,27554063,422.76637668420426,1.9999997061783215,1424,1750,28.233532155822385
6,100000000,0.054254934430477436,2.052351605378931,0.011248788153311956,5471.784472101842,0.0009999999953481892,5.401916003933138e-05,339458.90679086203,28.233586174982424,27554063,422.76637668420426,1.9999997061783215,1424,1750,28.233532155822385
7,100,53.30597066310624,1.6945781511716314,0.02148507153159563,4453.002835405433,0.0009999999538807623,3.2791363890893876e-05,334581.3150929018,13.449012885163867,27855810,346.55115685600555,2.000000451627596,1164,1426,13.448980093799976
7,161,37.31456911530629,1.6945781511716314,0.02148507153159563,4453.002835405433,0.0009999999538807623,3.2791363890893876e-05,334581.3150929018,13.449012885163867,27855810,346.55115685600555,2.000000451627596,1164,1426,13.448980093799976
7,259,22.294709721653387,1.6945781511716314,0.02148507153159563,4453.002835405433,0.0009999999538807623,3.2791363890893876e-05,334581.3150929018,13.449012885163867,27855810,346.55115685600555,2.000000451627596,1164,1426,13.448980093799976
7,417,18.678534831098332,1.6945781511716314,0.02148507153159563,4453.002835405433,0.0009999999538807623,3.2791363890893876e-05,334581.3150929018,13.449012885163867,27855810,346.55115685600555,2.000000451627596,1164,1426,13.448980093799976
7,672,15.421106905864688,1.6945781511716314,0.02148507153159563,4453.002835405433,0.0009999999538807623,3.2791363890893876e-05,334581.3150929018,13.449012885163867,27855810,346.55115685600555,2.000000451627596,1164,1426,13.448980093799976
7,1082,11.224807677820355,1.6945781511716314,0.02148507153159563,4453.002835405433,0.0009999999538807623,3.2791363890893876e-05,334581.3150929018,13.449012885163867,27855810,346.55115685600555,2.000000451627596,1164,1426,13.448980093799976
7,1743,11.154000085880535,1.6945781511716314,0.02148507153159563,4453.002835405433,0.0009999999538807623,3.2791363890893876e-05,334581.3150929018,13.449012885163867,27855810,346.55115685600555,2.000000451627596,1164,1426,13.448980093799976
7,2807,7.146982406991379,1.6945781511716314,0.02148507153159563,4453.002835405433,0.0009999999538807623,3.2791363890893876e-05,334581.3150929018,13.449012885163867,27855810,346.55115685600555,2.000000451627596,1164,1426,13.448980093799976
7,4520,5.361701968023511,1.6945781511716314,0.02148507153159563,4453.002835405433,0.0009999999538807623,3.2791363890893876e-05,334581.3150929018,13.449012885163867,27855810,346.55115685600555,2.000000451627596,1164,1426,13.448980093799976
7,7278,4.6481711036723725,1.6945781511716314,0.02148507153159563,4453.002835405433,0.0009999999538807623,3.2791363890893876e-05,334581.3150929018,13.449012885163867,27855810,346.55115685600555,2.000000451627596,1164,1426,13.448980093799976
7,11721,3.3521818505144028,1.6945781511716314,0.02148507153159563,4453.002835405433,0.0009999999538807623,3.2791363890893876e-05,334581.3150929018,13.449012885163867,27855810,346.55115685600555,2.000000451627596,1164,1426,13.448980093799976
7,18873,2.406601809765298,1.6945781511716314,0.02148507153159563,4453.002835405433,0.0009999999538807623,3.2791363890893876e-05,334581.3150929018,13.449012885163867,27855810,346.55115685600555,2.000000451627596,1164,1426,13.448980093799976
7,30391,1.9601455333260147,1.6945781511716314,0.02148507153159563,4453.002835405433,0.0009999999538807623,3.2791363890893876e-05,334581.3150929018,13.449012885163867,27855810,346.55115685600555,2.000000451627596,1164,1426,13.448980093799976
7,48939,1.5273819692633237,1.6945781511716314,0.02148507153159563,4453.002835405433,0.0009999999538807623,3.2791363890893876e-05,334581.3150929018,13.449012885163867,27855810,346.55115685600555,2.000000451627596,1164,1426,13.448980093799976
7,78804,1.7819508419908305,1.6945781511716314,0.02148507153159563,4453.002835405433,0.0009999999538807623,3.2791363890893876e-05,334581.3150929018,13.449012885163867,27855810,346.55115685600555,2.000000451627596,1164,1426,13.448980093799976
7,126896,1.1768207521897909,1.6945781511716314,0.02148507153159563,4453.002835405433,0.0009999999538807623,3.2791363890893876e-05,334581.3150929018,13.449012885163867,27855810,346.55115685600555,2.000000451627596,1164,1426,13.448980093799976
7,204335,0.9648339231313159,1.6945781511716314,0.02148507153159563,4453.002835405433,0.0009999999538807623,3.2791363890893876e-05,334581.3150929018,13.449012885163867,27855810,346.55115685600555,2.000000451627596,1164,1426,13.448980093799976
7,329034,0.9215976157589293,1.6945781511716314,0.02148507153159563,4453.002835405433,0.0009999999538807623,3.2791363890893876e-05,334581.3150929018,13.449012885163867,27855810,346.55115685600555,2.000000451627596,1164,1426,13.448980093799976
7,529831,0.711184661183853,1.6945781511716314,0.02148507153159563,4453.002835405433,0.0009999999538807623,3.2791363890893876e-05,334581.3150929018,13.449012885163867,27855810,346.55115685600555,2.000000451627596,1164,1426,13.448980093799976
7,853167,0.5625415030436324,1.6945781511716314,0.02148507153159563,4453.002835405433,0.0009999999538807623,3.2791363890893876e-05,334581.3150929018,13.449012885163867,27855810,346.55115685600555,2.000000451627596,1164,1426,13.448980093799976
7,1373823,0.47745275479505384,1.6945781511716314,0.02148507153159563,4453.002835405433,0.0009999999538807623,3.2791363890893876e-05,334581.3150929018,13.449012885163867,27855810,346.55115685600555,2.000000451627596,1164,1426,13.448980093799976
7,2212216,0.38315930011187765,1.6945781511716314,0.02148507153159563,4453.002835405433,0.0009999999538807623,3.2791363890893876e-05,334581.3150929018,13.449012885163867,27855810,346.55115685600555,2.000000451627596,1164,1426,13.448980093799976
7,3562247,0.2666014199273877,1.6945781511716314,0.02148507153159563,4453.002835405433,0.0009999999538807623,3.2791363890893876e-05,334581.3150929018,13.449012885163867,27855810,346.55115685600555,2.000000451627596,1164,1426,13.448980093799976
7,5736152,0.22194130471496892,1.6945781511716314,0.02148507153159563,4453.002835405433,0.0009999999538807623,3.2791363890893876e-05,334581.3150929018,13.449012885163867,27855810,346.55115685600555,2.000000451627596,1164,1426,13.448980093799976
7,9236708,0.18173909548103664,1.6945781511716314,0.02148507153159563,4453.002835405433,0.0009999999538807623,3.2791363890893876e-05,334581.3150929018,13.449012885163867,27855810,346.55115685600555,2.000000451627596,1164,1426,13.448980093799976
7,14873521,0.11773174767472214,1.6945781511716314,0.02148507153159563,4453.002835405433,0.0009999999538807623,3.2791363890893876e-05,334581.3150929018,13.449012885163867,27855810,346.55115685600555,2.000000451627596,1164,1426,13.448980093799976
7,23950266,0.09671238974604529,1.6945781511716314,0.02148507153159563,4453.002835405433,0.0009999999538807623,3.2791363890893876e-05,334581.3150929018,13.449012885163867,27855810,346.55115685600555,2.000000451627596,1164,1426,13.448980093799976
7,38566204,0.06504172556432214,1.6945781511716314,0.02148507153159563,4453.002835405433,0.0009999999538807623,3.2791363890893876e-05,334581.3150929018,13.449012885163867,27855810,346.55115685600555,2.000000451627596,1164,1426,13.448980093799976
7,62101694,0.054548986352168614,1.6945781511716314,0.02148507153159563,4453.002835405433,0.0009999999538807623,3.2791363890893876e-05,334581.3150929018,13.449012885163867,27855810,346.55115685600555,2.000000451627596,1164,1426,13.448980093799976
7,100000000,0.044770243039229864,1.6945781511716314,0.02148507153159563,4453.002835405433,0.0009999999538807623,3.2791363890893876e-05,334581.3150929018,13.449012885163867,27855810,346.55115685600555,2.000000451627596,1164,1426,13.448980093799976
8,100,52.69072056238701,2.7675549903069694,0.022262944965744436,7544.079260120773,0.0009999999735211369,1.1887414069988722e-05,347072.13545570703,8.585307430252723,63102725,576.4495660170343,1.9999991840196125,1953,2410,8.585295542838653
8,161,39.73708613199422,2.7675549903069694,0.022262944965744436,7544.079260120773,0.0009999999735211369,1.1887414069988722e-05,347072.13545570703,8.585307430252723,63102725,576.4495660170343,1.9999991840196125,1953,2410,8.585295542838653
8,259,32.17013288878577,2.7675549903069694,0.022262944965744436,7544.079260120773,0.0009999999735211369,1.1887414069988722e-05,347072.13545570703,8.585307430252723,63102725,576.4495660170343,1.9999991840196125,1953,2410,8.585295542838653
8,417,28.127089294995045,2.7675549903069694,0.022262944965744436,7544.079260120773,0.0009999999735211369,1.1887414069988722e-05,347072.13545570703,8.585307430252723,63102725,576.4495660170343,1.9999991840196125,1953,2410,8.585295542838653
8,672,18.520849349446458,2.7675549903069694,0.022262944965744436,7544.079260120773,0.0009999999735211369,1.1887414069988722e-05,347072.13545570703,8.585307430252723,63102725,576.4495660170343,1.9999991840196125,1953,2410,8.585295542838653
8,1082,13.396132221772781,2.7675549903069694,0.022262944965744436,7544.079260120773,0.0009999999735211369,1.1887414069988722e-05,347072.13545570703,8.585307430252723,63102725,576.4495660170343,1.9999991840196125,1953,2410,8.585295542838653
8,1743,10.380697123680697,2.7675549903069694,0.022262944965744436,7544.079260120773,0.0009999999735211369,1.1887414069988722e-05,347072.13545570703,8.585307430252723,63102725,576.4495660170343,1.9999991840196125,1953,2410,8.585295542838653
8,2807,7.9881880328654455,2.7675549903069694,0.022262944965744436,7544.079260120773,0.0009999999735211369,1.1887414069988722e-05,347072.13545570703,8.585307430252723,63102725,576.4495660170343,1.9999991840196125,1953,2410,8.585295542838653
8,4520,4.881901925417161,2.7675549903069694,0.022262944965744436,7544.079260120773,0.0009999999735211369,1.1887414069988722e-05,347072.13545570703,8.585307430252723,63102725,576.4495660170343,1.9999991840196125,1953,2410,8.585295542838653
8,7278,4.20455781223575,2.7675549903069694,0.022262944965744436,7544.079260120773,0.0009999999735211369,1.1887414069988722e-05,347072.13545570703,8.585307430252723,63102725,576.4495660170343,1.9999991840196125,1953,2410,8.585295542838653
8,11721,4.047430680550196,2.7675549903069694,0.022262944965744436,7544.079260120773,0.0009999999735211369,1.1887414069988722e-05,347072.13545570703,8.585307430252723,63102725,576.4495660170343,1.9999991840196125,1953,2410,8.585295542838653
8,18873,2.8875688314812917,2.7675549903069694,0.022262944965744436,7544.079260120773,0.0009999999735211369,1.1887414069988722e-05,347072.13545570703,8.585307430252723,63102725,576.4495660170343,1.9999991840196125,1953,2410,8.585295542838653
8,30391,2.5967508909276975,2.7675549903069694,0.022262944965744436,7544.079260120773,0.0009999999735211369,1.1887414069988722e-05,347072.13545570703,8.585307430252723,63102725,576.4495660170343,1.9999991840196125,1953,2410,8.585295542838653
8,48939,1.7870444931005105,2.7675549903069694,0.022262944965744436,7544.079260120773,0.0009999999735211369,1.1887414069988722e-05,347072.13545570703,8.585307430252723,63102725,576.4495660170343,1.9999991840196125,1953,2410,8.585295542838653
8,78804,1.309501636536975,2.7675549903069694,0.022262944965744436,7544.079260120773,0.0009999999735211369,1.1887414069988722e-05,347072.13545570703,8.585307430252723,63102725,576.4495660170343,1.9999991840196125,1953,2410,8.585295542838653
8,126896,1.2596599547053149,2.7675549903069694,0.022262944965744436,7544.079260120773,0.0009999999735211369,1.1887414069988722e-05,347072.13545570703,8.585307430252723,63102725,576.4495660170343,1.9999991840196125,1953,2410,8.585295542838653
8,204335,1.09161568145844,2.7675549903069694,0.022262944965744436,7544.079260120773,0.0009999999735211369,1.1887414069988722e-05,347072.13545570703,8.585307430252723,63102725,576.4495660170343,1.9999991840196125,1953,2410,8.585295542838653
8,329034,0.7989136879153138,2.7675549903069694,0.022262944965744436,7544.079260120773,0.0009999999735211369,1.1887414069988722e-05,347072.13545570703,8.585307430252723,63102725,576.4495660170343,1.9999991840196125,1953,2410,8.585295542838653
8,529831,0.6057958228597868,2.7675549903069694,0.022262944965744436,7544.079260120773,0.0009999999735211369,1.1887414069988722e-05,347072.13545570703,8.585307430252723,63102725,576.4495660170343,1.9999991840196125,1953,2410,8.585295542838653
8,853167,0.5296823183782065,2.7675549903069694,0.022262944965744436,7544.079260120773,0.0009999999735211369,1.1887414069988722e-05,347072.13545570703,8.585307430252723,63102725,576.4495660170343,1.9999991840196125,1953,2410,8.585295542838653
8,1373823,0.34695742041710803,2.7675549903069694,0.022262944965744436,7544.079260120773,0.0009999999735211369,1.1887414069988722e-05,347072.13545570703,8.585307430252723,63102725,576.4495660170343,1.9999991840196125,1953,2410,8.585295542838653
8,2212216,0.29519894238940114,2.7675549903069694,0.022262944965744436,7544.079260120773,0.0009999999735211369,1.1887414069988722e-05,347072.13545570703,8.585307430252723,63102725,576.4495660170343,1.9999991840196125,1953,2410,8.585295542838653
8,3562247,0.2848471363378252,2.7675549903069694,0.022262944965744436,7544.079260120773,0.0009999999735211369,1.1887414069988722e-05,347072.13545570703,8.585307430252723,63102725,576.4495660170343,1.9999991840196125,1953,2410,8.585295542838653
8,5736152,0.22316452969233116,2.7675549903069694,0.022262944965744436,7544.079260120773,0.0009999999735211369,1.1887414069988722e-05,347072.13545570703,8.585307430252723,63102725,576.4495660170343,1.9999991840196125,1953,2410,8.585295542838653
8,9236708,0.17275832727768362,2.7675549903069694,0.022262944965744436,7544.079260120773,0.0009999999735211369,1.1887414069988722e-05,347072.13545570703,8.585307430252723,63102725,576.4495660170343,1.9999991840196125,1953,2410,8.585295542838653
8,14873521,0.1399441551331308,2.7675549903069694,0.022262944965744436,7544.079260120773,0.0009999999735211369,1.1887414069988722e-05,347072.13545570703,8.585307430252723,63102725,576.4495660170343,1.9999991840196125,1953,2410,8.585295542838653
8,23950266,0.10034565605429221,2.7675549903069694,0.022262944965744436,7544.079260120773,0.0009999999735211369,1.1887414069988722e-05,347072.13545570703,8.585307430252723,63102725,576.4495660170343,1.9999991840196125,1953,2410,8.585295542838653
8,38566204,0.06586312132039612,2.7675549903069694,0.022262944965744436,7544.079260120773,0.0009999999735211369,1.1887414069988722e-05,347072.13545570703,8.585307430252723,63102725,576.4495660170343,1.9999991840196125,1953,2410,8.585295542838653
8,62101694,0.04960444918307011,2.7675549903069694,0.022262944965744436,7544.079260120773,0.0009999999735211369,1.1887414069988722e-05,347072.13545570703,8.585307430252723,63102725,576.4495660170343,1.9999991840196125,1953,2410,8.585295542838653
8,100000000,0.03234631119989259,2.7675549903069694,0.022262944965744436,7544.079260120773,0.0009999999735211369,1.1887414069988722e-05,347072.13545570703,8.585307430252723,63102725,576.4495660170343,1.9999991840196125,1953,2410,8.585295542838653
9,100,42.663078232973334,1.5226836427668387,0.01524499614378034,3968.7263271960146,0.0009999999387578814,7.036597639853426e-05,331857.8241352846,29.049235593146072,19702481,310.12764629673654,2.000001089091471,1041,1272,29.049165227169674
9,161,37.805145479361116,1.5226836427668387,0.01524499614378034,3968.7263271960146,0.0009999999387578814,7.036597639853426e-05,331857.8241352846,29.049235593146072,19702481,310.12764629673654,2.000001089091471,1041,1272,29.049165227169674
9,259,33.56631629562367,1.5226836427668387,0.01524499614378034,3968.7263271960146,0.0009999999387578814,7.036597639853426e-05,331857.8241352846,29.049235593146072,19702481,310.12764629673654,2.000001089091471,1041,1272,29.049165227169674
9,417,24.80695715555494,1.5226836427668387,0.01524499614378034,3968.7263271960146,0.0009999999387578814,7.036597639853426e-05,331857.8241352846,29.049235593146072,19702481,310.12764629673654,2.000001089091471,1041,1272,29.049165227169674
9,672,15.523320104038122,1.5226836427668387,0.01524499614378034,3968.7263271960146,0.0009999999387578814,7.036597639853426e-05,331857.8241352846,29.049235593146072,19702481,310.12764629673654,2.000001089091471,1041,1272,29.049165227169674
9,1082,12.220115816855051,1.5226836427668387,0.01524499614378034,3968.7263271960146,0.0009999999387578814,7.036597639853426e-05,331857.8241352846,29.049235593146072,19702481,310.12764629673654,2.000001089091471,1041,1272,29.049165227169674
9,1743,10.216539350501787,1.5226836427668387,0.01524499614378034,3968.7263271960146,0.0009999999387578814,7.036597639853426e-05,331857.8241352846,29.049235593146072,19702481,310.12764629673654,2.000001089091471,1041,1272,29.049165227169674
9,2807,8.502701936024724,1.5226836427668387,0.01524499614378034,3968.7263271960146,0.0009999999387578814,7.036597639853426e-05,331857.8241352846,29.049235593146072,19702481,310.12764629673654,2.000001089091471,1041,1272,29.049165227169674
9,4520,6.077692257668316,1.5226836427668387,0.01524499614378034,3968.7263271960146,0.0009999999387578814,7.036597639853426e-05,331857.8241352846,29.049235593146072,19702481,310.12764629673654,2.000001089091471,1041,1272,29.049165227169674
9,7278,4.897340541177288,1.5226836427668387,0.01524499614378034,3968.7263271960146,0.0009999999387578814,7.036597639853426e-05,331857.8241352846,29.049235593146072,19702481,310.12764629673654,2.000001089091471,1041,1272,29.049165227169674
9,11721,4.239596369343598,1.5226836427668387,0.01524499614378034,3968.7263271960146,0.0009999999387578814,7.036597639853426e-05,331857.8241352846,29.049235593146072,19702481,310.12764629673654,2.000001089091471,1041,1272,29.049165227169674
9,18873,3.1661746081644346,1.5226836427668387,0.01524499614378034,3968.7263271960146,0.0009999999387578814,7.036597639853426e-05,331857.8241352846,29.049235593146072,19702481,310.12764629673654,2.000001089091471,1041,1272,29.049165227169674
9,30391,2.9966597314952303,1.5226836427668387,0.01524499614378034,3968.7263271960146,0.0009999999387578814,7.036597639853426e-05,331857.8241352846,29.049235593146072,19702481,310.12764629673654,2.000001089091471,1041,1272,29.049165227169674
9,48939,2.3772976083648887,1.5226836427668387,0.01524499614378034,3968.7263271960146,0.0009999999387578814,7.036597639853426e-05,331857.8241352846,29.049235593146072,19702481,310.12764629673654,2.000001089091471,1041,1272,29.049165227169674
9,78804,1.5082576144294966,1.5226836427668387,0.01524499614378034,3968.7263271960146,0.0009999999387578814,7.036597639853426e-05,331857.8241352846,29.049235593146072,19702481,310.12764629673654,2.000001089091471,1041,1272,29.049165227169674
9,126896,1.397686378995429,1.5226836427668387,0.01524499614378034,3968.7263271960146,0.0009999999387578814,7.036597639853426e-05,331857.8241352846,29.049235593146072,19702481,310.12764629673654,2.000001089091471,1041,1272,29.049165227169674
9,204335,0.9109225014035222,1.5226836427668387,0.01524499614378034,3968.7263271960146,0.0009999999387578814,7.036597639853426e-05,331857.8241352846,29.049235593146072,19702481,310.12764629673654,2.000001089091471,1041,1272,29.049165227169674
9,329034,0.7012620542651203,1.5226836427668387,0.01524499614378034,3968.7263271960146,0.0009999999387578814,7.036597639853426e-05,331857.8241352846,29.049235593146072,19702481,310.12764629673654,2.000001089091471,1041,1272,29.049165227169674
9,529831,0.5180085032114713,1.5226836427668387,0.01524499614378034,3968.7263271960146,0.0009999999387578814,7.036597639853426e-05,331857.8241352846,29.049235593146072,19702481,310.12764629673654,2.000001089091471,1041,1272,29.049165227169674
9,853167,0.4906905418444806,1.5226836427668387,0.01524499614378034,3968.7263271960146,0.0009999999387578814,7.036597639853426e-05,331857.8241352846,29.049235593146072,19702481,310.12764629673654,2.000001089091471,1041,1272,29.049165227169674
9,1373823,0.3867182941459824,1.5226836427668387,0.01524499614378034,3968.7263271960146,0.0009999999387578814,7.036597639853426e-05,331857.8241352846,29.049235593146072,19702481,310.12764629673654,2.000001089091471,1041,1272,29.049165227169674
9,2212216,0.3130202777310273,1.5226836427668387,0.01524499614378034,3968.7263271960146,0.0009999999387578814,7.036597639853426e-05,331857.8241352846,29.049235593146072,19702481,310.12764629673654,2.000001089091471,1041,1272,29.049165227169674
9,3562247,0.21391381773617638,1.5226836427668387,0.01524499614378034,3968.7263271960146,0.0009999999387578814,7.036597639853426e-05,331857.8241352846,29.049235593146072,19702481,310.12764629673654,2.000001089091471,1041,1272,29.049165227169674
9,5736152,0.18577593613166693,1.5226836427668387,0.01524499614378034,3968.7263271960146,0.0009999999387578814,7.036597639853426e-05,331857.8241352846,29.049235593146072,19702481,310.12764629673654,2.000001089091471,1041,1272,29.049165227169674
9,9236708,0.1347051263697706,1.5226836427668387,0.01524499614378034,3968.7263271960146,0.0009999999387578814,7.036597639853426e-05,331857.8241352846,29.049235593146072,19702481,310.12764629673654,2.000001089091471,1041,1272,29.049165227169674
9,14873521,0.09142151825342847,1.5226836427668387,0.01524499614378034,3968.7263271960146,0.0009999999387578814,7.036597639853426e-05,331857.8241352846,29.049235593146072,19702481,310.12764629673654,2.000001089091471,1041,1272,29.049165227169674
9,23950266,0.07785516471516712,1.5226836427668387,0.01524499614378034,3968.7263271960146,0.0009999999387578814,7.036597639853426e-05,331857.8241352846,29.049235593146072,19702481,310.12764629673654,2.000001089091471,1041,1272,29.049165227169674
9,38566204,0.0616117311836548,1.5226836427668387,0.01524499614378034,3968.7263271960146,0.0009999999387578814,7.036597639853426e-05,331857.8241352846,29.049235593146072,19702481,310.12764629673654,2.000001089091471,1041,1272,29.049165227169674
9,62101694,0.05425018066670567,1.5226836427668387,0.01524499614378034,3968.7263271960146,0.0009999999387578814,7.036597639853426e-05,331857.8241352846,29.049235593146072,19702481,310.12764629673654,2.000001089091471,1041,1272,29.049165227169674
9,100000000,0.04188478537419714,1.5226836427668387,0.01524499614378034,3968.7263271960146,0.0009999999387578814,7.036597639853426e-05,331857.8241352846,29.049235593146072,19702481,310.12764629673654,2.000001089091471,1041,1272,29.049165227169674
